stat_no;year;month;day;hour;elem_val
26409;1995;6;1;7;0,2
26409;1995;6;2;7;6,9
26409;1995;6;3;7;0,0
26409;1995;6;4;7;0,0
26409;1995;6;5;7;0,3
26409;1995;6;6;7;8,5
26409;1995;6;7;7;0,3
26409;1995;6;8;7;18,0
26409;1995;6;9;7;9,5
26409;1995;6;10;7;6,0
26409;1995;6;11;7;4,4
26409;1995;6;12;7;0,0
26409;1995;6;13;7;0,0
26409;1995;6;14;7;11,7
26409;1995;6;15;7;11,7
26409;1995;6;16;7;1,8
26409;1995;6;17;7;4,0
26409;1995;6;18;7;2,2
26409;1995;6;19;7;0,0
26409;1995;6;20;7;0,0
26409;1995;6;21;7;0,5
26409;1995;6;22;7;0,0
26409;1995;6;23;7;0,0
26409;1995;6;24;7;0,0
26409;1995;6;25;7;0,0
26409;1995;6;26;7;0,0
26409;1995;6;27;7;0,0
26409;1995;6;28;7;0,0
26409;1995;6;29;7;0,0
26409;1995;6;30;7;0,0
26409;1995;7;1;7;0,0
26409;1995;7;2;7;0,0
26409;1995;7;3;7;0,0
26409;1995;7;4;7;5,1
26409;1995;7;5;7;1,1
26409;1995;7;6;7;0,0
26409;1995;7;7;7;0,0
26409;1995;7;8;7;0,0
26409;1995;7;9;7;0,0
26409;1995;7;10;7;0,0
26409;1995;7;11;7;0,0
26409;1995;7;12;7;0,0
26409;1995;7;13;7;0,0
26409;1995;7;14;7;0,0
26409;1995;7;15;7;0,0
26409;1995;7;16;7;11,5
26409;1995;7;17;7;6,0
26409;1995;7;18;7;7,3
26409;1995;7;19;7;2,5
26409;1995;7;20;7;0,0
26409;1995;7;21;7;0,0
26409;1995;7;22;7;0,0
26409;1995;7;23;7;0,0
26409;1995;7;24;7;0,0
26409;1995;7;25;7;0,0
26409;1995;7;26;7;0,0
26409;1995;7;27;7;0,0
26409;1995;7;28;7;0,0
26409;1995;7;29;7;0,0
26409;1995;7;30;7;0,0
26409;1995;7;31;7;0,0
26409;1995;8;1;7;0,0
26409;1995;8;2;7;0,0
26409;1995;8;3;7;0,0
26409;1995;8;4;7;0,0
26409;1995;8;5;7;0,0
26409;1995;8;6;7;0,0
26409;1995;8;7;7;0,0
26409;1995;8;8;7;0,0
26409;1995;8;9;7;0,0
26409;1995;8;10;7;0,0
26409;1995;8;11;7;0,0
26409;1995;8;12;7;0,0
26409;1995;8;13;7;0,0
26409;1995;8;14;7;0,0
26409;1995;8;15;7;0,0
26409;1995;8;16;7;0,0
26409;1995;8;17;7;0,0
26409;1995;8;18;7;0,0
26409;1995;8;19;7;0,0
26409;1995;8;20;7;0,0
26409;1995;8;21;7;0,0
26409;1995;8;22;7;0,0
26409;1995;8;23;7;0,0
26409;1995;8;24;7;5,2
26409;1995;8;25;7;1,2
26409;1995;8;26;7;24,0
26409;1995;8;27;7;0,2
26409;1995;8;28;7;3,4
26409;1995;8;29;7;0,0
26409;1995;8;30;7;0,0
26409;1995;8;31;7;0,0
26409;1995;9;1;7;0,0
26409;1995;9;2;7;0,8
26409;1995;9;3;7;0,0
26409;1995;9;4;7;10,4
26409;1995;9;5;7;12,2
26409;1995;9;6;7;5,8
26409;1995;9;7;7;0,0
26409;1995;9;8;7;2,0
26409;1995;9;9;7;0,0
26409;1995;9;10;7;6,5
26409;1995;9;11;7;1,3
26409;1995;9;12;7;5,5
26409;1995;9;13;7;0,0
26409;1995;9;14;7;15,7
26409;1995;9;15;7;5,3
26409;1995;9;16;7;0,0
26409;1995;9;17;7;0,0
26409;1995;9;18;7;0,0
26409;1995;9;19;7;0,0
26409;1995;9;20;7;0,0
26409;1995;9;21;7;0,0
26409;1995;9;22;7;0,0
26409;1995;9;23;7;0,0
26409;1995;9;24;7;0,0
26409;1995;9;25;7;0,7
26409;1995;9;26;7;15,0
26409;1995;9;27;7;4,8
26409;1995;9;28;7;11,5
26409;1995;9;29;7;9,9
26409;1995;9;30;7;3,2
26409;1995;10;1;7;0,0
26409;1995;10;2;7;1,6
26409;1995;10;3;7;0,0
26409;1995;10;4;7;8,4
26409;1995;10;5;7;0,0
26409;1995;10;6;7;6,7
26409;1995;10;7;7;0,0
26409;1995;10;8;7;4,4
26409;1995;10;9;7;0,0
26409;1995;10;10;7;0,0
26409;1995;10;11;7;0,0
26409;1995;10;12;7;0,0
26409;1995;10;13;7;0,5
26409;1995;10;14;7;0,0
26409;1995;10;15;7;0,0
26409;1995;10;16;7;0,0
26409;1995;10;17;7;0,0
26409;1995;10;18;7;2,8
26409;1995;10;19;7;0,0
26409;1995;10;20;7;3,2
26409;1995;10;21;7;0,9
26409;1995;10;22;7;0,0
26409;1995;10;23;7;0,0
26409;1995;10;24;7;0,0
26409;1995;10;25;7;0,0
26409;1995;10;26;7;1,0
26409;1995;10;27;7;2,0
26409;1995;10;28;7;2,8
26409;1995;10;29;7;0,0
26409;1995;10;30;7;0,0
26409;1995;10;31;7;0,0
26409;1995;11;1;7;7,8
26409;1995;11;2;7;1,0
26409;1995;11;3;7;0,5
26409;1995;11;4;7;0,0
26409;1995;11;5;7;0,0
26409;1995;11;6;7;0,0
26409;1995;11;7;7;0,7
26409;1995;11;8;7;0,4
26409;1995;11;9;7;8,4
26409;1995;11;10;7;3,6
26409;1995;11;11;7;0,0
26409;1995;11;12;7;0,0
26409;1995;11;13;7;0,0
26409;1995;11;14;7;0,0
26409;1995;11;15;7;2,1
26409;1995;11;16;7;3,5
26409;1995;11;17;7;7,1
26409;1995;11;18;7;0,0
26409;1995;11;19;7;3,2
26409;1995;11;20;7;4,0
26409;1995;11;21;7;0,0
26409;1995;11;22;7;0,0
26409;1995;11;23;7;0,8
26409;1995;11;24;7;0,0
26409;1995;11;25;7;0,0
26409;1995;11;26;7;0,0
26409;1995;11;27;7;0,0
26409;1995;11;28;7;0,0
26409;1995;11;29;7;0,0
26409;1995;11;30;7;0,0
26409;1995;12;1;7;null
26409;1995;12;2;7;null
26409;1995;12;3;7;null
26409;1995;12;4;7;null
26409;1995;12;5;7;null
26409;1995;12;6;7;null
26409;1995;12;7;7;null
26409;1995;12;8;7;null
26409;1995;12;9;7;null
26409;1995;12;10;7;null
26409;1995;12;11;7;null
26409;1995;12;12;7;null
26409;1995;12;13;7;null
26409;1995;12;14;7;null
26409;1995;12;15;7;null
26409;1995;12;16;7;null
26409;1995;12;17;7;null
26409;1995;12;18;7;null
26409;1995;12;19;7;null
26409;1995;12;20;7;null
26409;1995;12;21;7;null
26409;1995;12;22;7;null
26409;1995;12;23;7;null
26409;1995;12;24;7;null
26409;1995;12;25;7;null
26409;1995;12;26;7;null
26409;1995;12;27;7;null
26409;1995;12;28;7;null
26409;1995;12;29;7;null
26409;1995;12;30;7;null
26409;1995;12;31;7;null
26409;1996;1;1;7;0,0
26409;1996;1;2;7;0,0
26409;1996;1;3;7;0,0
26409;1996;1;4;7;0,0
26409;1996;1;5;7;0,0
26409;1996;1;6;7;0,0
26409;1996;1;7;7;0,0
26409;1996;1;8;7;1,8
26409;1996;1;9;7;0,0
26409;1996;1;10;7;0,0
26409;1996;1;11;7;2,0
26409;1996;1;12;7;0,0
26409;1996;1;13;7;0,0
26409;1996;1;14;7;0,0
26409;1996;1;15;7;0,0
26409;1996;1;16;7;0,0
26409;1996;1;17;7;0,0
26409;1996;1;18;7;0,0
26409;1996;1;19;7;0,0
26409;1996;1;20;7;0,5
26409;1996;1;21;7;0,0
26409;1996;1;22;7;0,0
26409;1996;1;23;7;0,0
26409;1996;1;24;7;0,0
26409;1996;1;25;7;0,0
26409;1996;1;26;7;1,5
26409;1996;1;27;7;0,7
26409;1996;1;28;7;0,0
26409;1996;1;29;7;0,0
26409;1996;1;30;7;0,0
26409;1996;1;31;7;0,0
26409;1996;2;1;7;0,0
26409;1996;2;2;7;0,0
26409;1996;2;3;7;1,5
26409;1996;2;4;7;0,0
26409;1996;2;5;7;0,0
26409;1996;2;6;7;0,0
26409;1996;2;7;7;0,0
26409;1996;2;8;7;0,0
26409;1996;2;9;7;0,0
26409;1996;2;10;7;0,0
26409;1996;2;11;7;0,0
26409;1996;2;12;7;6,1
26409;1996;2;13;7;0,0
26409;1996;2;14;7;0,0
26409;1996;2;15;7;0,0
26409;1996;2;16;7;6,4
26409;1996;2;17;7;6,5
26409;1996;2;18;7;0,0
26409;1996;2;19;7;9,1
26409;1996;2;20;7;11,6
26409;1996;2;21;7;0,0
26409;1996;2;22;7;0,0
26409;1996;2;23;7;0,0
26409;1996;2;24;7;0,0
26409;1996;2;25;7;2,5
26409;1996;2;26;7;1,3
26409;1996;2;27;7;2,5
26409;1996;2;28;7;0,0
26409;1996;2;29;7;0,0
26409;1996;3;1;7;0,0
26409;1996;3;2;7;0,0
26409;1996;3;3;7;0,0
26409;1996;3;4;7;0,0
26409;1996;3;5;7;0,0
26409;1996;3;6;7;0,0
26409;1996;3;7;7;0,0
26409;1996;3;8;7;0,0
26409;1996;3;9;7;0,0
26409;1996;3;10;7;0,0
26409;1996;3;11;7;0,0
26409;1996;3;12;7;0,0
26409;1996;3;13;7;0,0
26409;1996;3;14;7;0,8
26409;1996;3;15;7;0,0
26409;1996;3;16;7;0,0
26409;1996;3;17;7;0,0
26409;1996;3;18;7;0,0
26409;1996;3;19;7;0,0
26409;1996;3;20;7;0,0
26409;1996;3;21;7;0,0
26409;1996;3;22;7;0,0
26409;1996;3;23;7;0,0
26409;1996;3;24;7;3,9
26409;1996;3;25;7;0,0
26409;1996;3;26;7;0,0
26409;1996;3;27;7;0,0
26409;1996;3;28;7;3,2
26409;1996;3;29;7;6,2
26409;1996;3;30;7;0,0
26409;1996;3;31;7;0,0
26409;1996;4;1;7;1,5
26409;1996;4;2;7;0,0
26409;1996;4;3;7;0,0
26409;1996;4;4;7;0,0
26409;1996;4;5;7;0,0
26409;1996;4;6;7;0,0
26409;1996;4;7;7;0,0
26409;1996;4;8;7;0,0
26409;1996;4;9;7;0,0
26409;1996;4;10;7;0,0
26409;1996;4;11;7;3,2
26409;1996;4;12;7;0,2
26409;1996;4;13;7;0,0
26409;1996;4;14;7;0,0
26409;1996;4;15;7;0,0
26409;1996;4;16;7;0,0
26409;1996;4;17;7;0,0
26409;1996;4;18;7;0,0
26409;1996;4;19;7;0,0
26409;1996;4;20;7;0,0
26409;1996;4;21;7;0,0
26409;1996;4;22;7;0,0
26409;1996;4;23;7;0,0
26409;1996;4;24;7;0,0
26409;1996;4;25;7;0,0
26409;1996;4;26;7;0,8
26409;1996;4;27;7;0,0
26409;1996;4;28;7;0,5
26409;1996;4;29;7;0,0
26409;1996;4;30;7;0,0
26409;1996;5;1;7;0,0
26409;1996;5;2;7;0,0
26409;1996;5;3;7;3,7
26409;1996;5;4;7;0,0
26409;1996;5;5;7;0,6
26409;1996;5;6;7;0,3
26409;1996;5;7;7;0,0
26409;1996;5;8;7;0,0
26409;1996;5;9;7;0,0
26409;1996;5;10;7;0,2
26409;1996;5;11;7;0,0
26409;1996;5;12;7;0,3
26409;1996;5;13;7;0,0
26409;1996;5;14;7;0,0
26409;1996;5;15;7;0,0
26409;1996;5;16;7;0,2
26409;1996;5;17;7;2,6
26409;1996;5;18;7;12,3
26409;1996;5;19;7;3,0
26409;1996;5;20;7;16,8
26409;1996;5;21;7;5,6
26409;1996;5;22;7;0,0
26409;1996;5;23;7;0,0
26409;1996;5;24;7;6,5
26409;1996;5;25;7;11,9
26409;1996;5;26;7;0,0
26409;1996;5;27;7;1,8
26409;1996;5;28;7;3,6
26409;1996;5;29;7;0,3
26409;1996;5;30;7;4,0
26409;1996;5;31;7;2,1
26409;1996;6;1;7;0,0
26409;1996;6;2;7;0,0
26409;1996;6;3;7;0,0
26409;1996;6;4;7;0,0
26409;1996;6;5;7;0,0
26409;1996;6;6;7;0,0
26409;1996;6;7;7;0,0
26409;1996;6;8;7;0,0
26409;1996;6;9;7;2,3
26409;1996;6;10;7;0,0
26409;1996;6;11;7;1,4
26409;1996;6;12;7;3,0
26409;1996;6;13;7;0,0
26409;1996;6;14;7;0,0
26409;1996;6;15;7;0,0
26409;1996;6;16;7;0,0
26409;1996;6;17;7;0,0
26409;1996;6;18;7;0,0
26409;1996;6;19;7;0,7
26409;1996;6;20;7;0,0
26409;1996;6;21;7;3,6
26409;1996;6;22;7;3,7
26409;1996;6;23;7;0,0
26409;1996;6;24;7;0,0
26409;1996;6;25;7;0,0
26409;1996;6;26;7;0,0
26409;1996;6;27;7;0,0
26409;1996;6;28;7;0,0
26409;1996;6;29;7;2,0
26409;1996;6;30;7;6,7
26409;1996;7;1;7;0,8
26409;1996;7;2;7;4,5
26409;1996;7;3;7;7,0
26409;1996;7;4;7;8,7
26409;1996;7;5;7;7,0
26409;1996;7;6;7;0,0
26409;1996;7;7;7;0,0
26409;1996;7;8;7;0,0
26409;1996;7;9;7;0,0
26409;1996;7;10;7;0,0
26409;1996;7;11;7;0,0
26409;1996;7;12;7;0,0
26409;1996;7;13;7;0,0
26409;1996;7;14;7;1,1
26409;1996;7;15;7;0,0
26409;1996;7;16;7;0,0
26409;1996;7;17;7;0,0
26409;1996;7;18;7;0,0
26409;1996;7;19;7;0,0
26409;1996;7;20;7;0,0
26409;1996;7;21;7;0,0
26409;1996;7;22;7;0,0
26409;1996;7;23;7;0,0
26409;1996;7;24;7;1,3
26409;1996;7;25;7;2,1
26409;1996;7;26;7;0,0
26409;1996;7;27;7;0,0
26409;1996;7;28;7;5,0
26409;1996;7;29;7;0,0
26409;1996;7;30;7;0,5
26409;1996;7;31;7;0,0
26409;1996;8;1;7;0,0
26409;1996;8;2;7;0,0
26409;1996;8;3;7;0,0
26409;1996;8;4;7;0,0
26409;1996;8;5;7;0,0
26409;1996;8;6;7;0,0
26409;1996;8;7;7;0,0
26409;1996;8;8;7;18,2
26409;1996;8;9;7;0,0
26409;1996;8;10;7;0,0
26409;1996;8;11;7;0,0
26409;1996;8;12;7;3,8
26409;1996;8;13;7;0,4
26409;1996;8;14;7;0,0
26409;1996;8;15;7;0,0
26409;1996;8;16;7;0,0
26409;1996;8;17;7;0,0
26409;1996;8;18;7;0,0
26409;1996;8;19;7;0,0
26409;1996;8;20;7;0,0
26409;1996;8;21;7;0,0
26409;1996;8;22;7;0,0
26409;1996;8;23;7;0,0
26409;1996;8;24;7;1,5
26409;1996;8;25;7;9,3
26409;1996;8;26;7;0,0
26409;1996;8;27;7;0,0
26409;1996;8;28;7;0,3
26409;1996;8;29;7;15,0
26409;1996;8;30;7;0,0
26409;1996;8;31;7;5,0
26409;1996;9;1;7;5,3
26409;1996;9;2;7;0,5
26409;1996;9;3;7;0,0
26409;1996;9;4;7;0,0
26409;1996;9;5;7;0,0
26409;1996;9;6;7;0,0
26409;1996;9;7;7;0,0
26409;1996;9;8;7;0,0
26409;1996;9;9;7;0,0
26409;1996;9;10;7;0,0
26409;1996;9;11;7;0,0
26409;1996;9;12;7;15,9
26409;1996;9;13;7;5,9
26409;1996;9;14;7;0,5
26409;1996;9;15;7;4,0
26409;1996;9;16;7;0,0
26409;1996;9;17;7;0,0
26409;1996;9;18;7;0,0
26409;1996;9;19;7;0,0
26409;1996;9;20;7;0,0
26409;1996;9;21;7;0,0
26409;1996;9;22;7;0,0
26409;1996;9;23;7;0,0
26409;1996;9;24;7;0,0
26409;1996;9;25;7;0,0
26409;1996;9;26;7;0,0
26409;1996;9;27;7;0,5
26409;1996;9;28;7;6,8
26409;1996;9;29;7;7,7
26409;1996;9;30;7;26,9
26409;1996;10;1;7;2,3
26409;1996;10;2;7;4,3
26409;1996;10;3;7;0,0
26409;1996;10;4;7;4,6
26409;1996;10;5;7;1,7
26409;1996;10;6;7;5,5
26409;1996;10;7;7;0,0
26409;1996;10;8;7;0,0
26409;1996;10;9;7;0,0
26409;1996;10;10;7;0,7
26409;1996;10;11;7;0,0
26409;1996;10;12;7;0,0
26409;1996;10;13;7;0,0
26409;1996;10;14;7;0,0
26409;1996;10;15;7;0,0
26409;1996;10;16;7;0,0
26409;1996;10;17;7;14,9
26409;1996;10;18;7;0,0
26409;1996;10;19;7;0,0
26409;1996;10;20;7;1,2
26409;1996;10;21;7;4,3
26409;1996;10;22;7;5,2
26409;1996;10;23;7;0,0
26409;1996;10;24;7;0,0
26409;1996;10;25;7;0,0
26409;1996;10;26;7;0,0
26409;1996;10;27;7;0,9
26409;1996;10;28;7;13,3
26409;1996;10;29;7;6,6
26409;1996;10;30;7;11,8
26409;1996;10;31;7;6,1
26409;1996;11;1;7;5,5
26409;1996;11;2;7;0,0
26409;1996;11;3;7;1,5
26409;1996;11;4;7;5,0
26409;1996;11;5;7;5,0
26409;1996;11;6;7;9,2
26409;1996;11;7;7;11,4
26409;1996;11;8;7;4,7
26409;1996;11;9;7;12,6
26409;1996;11;10;7;2,3
26409;1996;11;11;7;6,4
26409;1996;11;12;7;8,3
26409;1996;11;13;7;0,0
26409;1996;11;14;7;0,7
26409;1996;11;15;7;0,0
26409;1996;11;16;7;0,0
26409;1996;11;17;7;0,0
26409;1996;11;18;7;2,8
26409;1996;11;19;7;5,5
26409;1996;11;20;7;0,9
26409;1996;11;21;7;0,2
26409;1996;11;22;7;8,3
26409;1996;11;23;7;22,0
26409;1996;11;24;7;0,5
26409;1996;11;25;7;0,5
26409;1996;11;26;7;10,5
26409;1996;11;27;7;0,6
26409;1996;11;28;7;0,7
26409;1996;11;29;7;0,0
26409;1996;11;30;7;11,3
26409;1996;12;1;7;1,1
26409;1996;12;2;7;9,3
26409;1996;12;3;7;4,6
26409;1996;12;4;7;7,5
26409;1996;12;5;7;0,0
26409;1996;12;6;7;0,5
26409;1996;12;7;7;0,0
26409;1996;12;8;7;0,0
26409;1996;12;9;7;0,0
26409;1996;12;10;7;0,0
26409;1996;12;11;7;0,0
26409;1996;12;12;7;0,0
26409;1996;12;13;7;3,2
26409;1996;12;14;7;0,0
26409;1996;12;15;7;10,0
26409;1996;12;16;7;0,0
26409;1996;12;17;7;0,3
26409;1996;12;18;7;0,2
26409;1996;12;19;7;0,0
26409;1996;12;20;7;0,0
26409;1996;12;21;7;0,0
26409;1996;12;22;7;0,0
26409;1996;12;23;7;0,0
26409;1996;12;24;7;0,0
26409;1996;12;25;7;0,0
26409;1996;12;26;7;0,0
26409;1996;12;27;7;0,0
26409;1996;12;28;7;0,0
26409;1996;12;29;7;0,0
26409;1996;12;30;7;0,3
26409;1996;12;31;7;2,5
26409;1997;1;1;7;0,0
26409;1997;1;2;7;0,0
26409;1997;1;3;7;0,0
26409;1997;1;4;7;0,0
26409;1997;1;5;7;0,0
26409;1997;1;6;7;0,0
26409;1997;1;7;7;0,0
26409;1997;1;8;7;0,0
26409;1997;1;9;7;0,0
26409;1997;1;10;7;0,0
26409;1997;1;11;7;0,0
26409;1997;1;12;7;0,0
26409;1997;1;13;7;0,0
26409;1997;1;14;7;0,0
26409;1997;1;15;7;0,0
26409;1997;1;16;7;0,0
26409;1997;1;17;7;0,0
26409;1997;1;18;7;0,0
26409;1997;1;19;7;1,3
26409;1997;1;20;7;0,4
26409;1997;1;21;7;0,0
26409;1997;1;22;7;0,0
26409;1997;1;23;7;0,6
26409;1997;1;24;7;0,0
26409;1997;1;25;7;0,7
26409;1997;1;26;7;0,0
26409;1997;1;27;7;0,0
26409;1997;1;28;7;0,0
26409;1997;1;29;7;0,2
26409;1997;1;30;7;0,0
26409;1997;1;31;7;0,0
26409;1997;2;1;7;0,0
26409;1997;2;2;7;0,0
26409;1997;2;3;7;0,2
26409;1997;2;4;7;2,3
26409;1997;2;5;7;12,4
26409;1997;2;6;7;0,0
26409;1997;2;7;7;0,2
26409;1997;2;8;7;2,0
26409;1997;2;9;7;0,0
26409;1997;2;10;7;1,5
26409;1997;2;11;7;5,4
26409;1997;2;12;7;2,3
26409;1997;2;13;7;13,7
26409;1997;2;14;7;3,6
26409;1997;2;15;7;4,4
26409;1997;2;16;7;0,0
26409;1997;2;17;7;0,0
26409;1997;2;18;7;12,5
26409;1997;2;19;7;10,1
26409;1997;2;20;7;13,3
26409;1997;2;21;7;5,5
26409;1997;2;22;7;0,0
26409;1997;2;23;7;0,0
26409;1997;2;24;7;0,0
26409;1997;2;25;7;8,1
26409;1997;2;26;7;0,0
26409;1997;2;27;7;0,0
26409;1997;2;28;7;0,0
26409;1997;3;1;7;2,2
26409;1997;3;2;7;0,0
26409;1997;3;3;7;4,1
26409;1997;3;4;7;0,0
26409;1997;3;5;7;0,0
26409;1997;3;6;7;1,3
26409;1997;3;7;7;0,0
26409;1997;3;8;7;0,0
26409;1997;3;9;7;0,0
26409;1997;3;10;7;0,0
26409;1997;3;11;7;0,0
26409;1997;3;12;7;0,0
26409;1997;3;13;7;0,0
26409;1997;3;14;7;2,8
26409;1997;3;15;7;1,7
26409;1997;3;16;7;3,9
26409;1997;3;17;7;1,8
26409;1997;3;18;7;0,0
26409;1997;3;19;7;7,9
26409;1997;3;20;7;0,0
26409;1997;3;21;7;2,2
26409;1997;3;22;7;0,0
26409;1997;3;23;7;0,0
26409;1997;3;24;7;0,8
26409;1997;3;25;7;0,0
26409;1997;3;26;7;0,0
26409;1997;3;27;7;6,6
26409;1997;3;28;7;17,7
26409;1997;3;29;7;0,5
26409;1997;3;30;7;0,0
26409;1997;3;31;7;0,0
26409;1997;4;1;7;0,0
26409;1997;4;2;7;0,0
26409;1997;4;3;7;0,3
26409;1997;4;4;7;9,3
26409;1997;4;5;7;0,9
26409;1997;4;6;7;4,3
26409;1997;4;7;7;0,0
26409;1997;4;8;7;0,0
26409;1997;4;9;7;0,0
26409;1997;4;10;7;0,0
26409;1997;4;11;7;0,0
26409;1997;4;12;7;0,0
26409;1997;4;13;7;0,0
26409;1997;4;14;7;1,6
26409;1997;4;15;7;0,0
26409;1997;4;16;7;0,0
26409;1997;4;17;7;0,0
26409;1997;4;18;7;0,0
26409;1997;4;19;7;0,0
26409;1997;4;20;7;0,0
26409;1997;4;21;7;0,0
26409;1997;4;22;7;2,2
26409;1997;4;23;7;1,5
26409;1997;4;24;7;0,4
26409;1997;4;25;7;16,2
26409;1997;4;26;7;0,0
26409;1997;4;27;7;0,0
26409;1997;4;28;7;0,0
26409;1997;4;29;7;10,1
26409;1997;4;30;7;0,0
26409;1997;5;1;7;0,0
26409;1997;5;2;7;0,0
26409;1997;5;3;7;0,0
26409;1997;5;4;7;0,4
26409;1997;5;5;7;14,4
26409;1997;5;6;7;8,0
26409;1997;5;7;7;2,4
26409;1997;5;8;7;0,7
26409;1997;5;9;7;0,0
26409;1997;5;10;7;4,3
26409;1997;5;11;7;0,0
26409;1997;5;12;7;2,0
26409;1997;5;13;7;2,2
26409;1997;5;14;7;0,0
26409;1997;5;15;7;0,0
26409;1997;5;16;7;0,0
26409;1997;5;17;7;0,0
26409;1997;5;18;7;0,0
26409;1997;5;19;7;0,0
26409;1997;5;20;7;9,7
26409;1997;5;21;7;0,6
26409;1997;5;22;7;8,0
26409;1997;5;23;7;3,8
26409;1997;5;24;7;0,0
26409;1997;5;25;7;0,0
26409;1997;5;26;7;0,0
26409;1997;5;27;7;7,7
26409;1997;5;28;7;0,3
26409;1997;5;29;7;0,0
26409;1997;5;30;7;0,0
26409;1997;5;31;7;0,0
26409;1997;6;1;7;0,0
26409;1997;6;2;7;0,0
26409;1997;6;3;7;0,0
26409;1997;6;4;7;0,0
26409;1997;6;5;7;0,0
26409;1997;6;6;7;0,0
26409;1997;6;7;7;0,0
26409;1997;6;8;7;0,0
26409;1997;6;9;7;0,5
26409;1997;6;10;7;0,0
26409;1997;6;11;7;0,0
26409;1997;6;12;7;0,0
26409;1997;6;13;7;1,8
26409;1997;6;14;7;8,7
26409;1997;6;15;7;0,0
26409;1997;6;16;7;0,3
26409;1997;6;17;7;0,0
26409;1997;6;18;7;0,0
26409;1997;6;19;7;0,0
26409;1997;6;20;7;0,0
26409;1997;6;21;7;6,2
26409;1997;6;22;7;12,2
26409;1997;6;23;7;11,2
26409;1997;6;24;7;20,2
26409;1997;6;25;7;0,8
26409;1997;6;26;7;0,0
26409;1997;6;27;7;5,2
26409;1997;6;28;7;7,0
26409;1997;6;29;7;0,0
26409;1997;6;30;7;0,5
26409;1997;7;1;7;0,0
26409;1997;7;2;7;0,0
26409;1997;7;3;7;0,8
26409;1997;7;4;7;1,5
26409;1997;7;5;7;0,0
26409;1997;7;6;7;0,0
26409;1997;7;7;7;0,0
26409;1997;7;8;7;0,0
26409;1997;7;9;7;0,0
26409;1997;7;10;7;0,0
26409;1997;7;11;7;0,0
26409;1997;7;12;7;0,0
26409;1997;7;13;7;4,5
26409;1997;7;14;7;0,0
26409;1997;7;15;7;0,0
26409;1997;7;16;7;0,0
26409;1997;7;17;7;3,0
26409;1997;7;18;7;49,6
26409;1997;7;19;7;2,4
26409;1997;7;20;7;4,8
26409;1997;7;21;7;1,2
26409;1997;7;22;7;4,0
26409;1997;7;23;7;0,0
26409;1997;7;24;7;0,0
26409;1997;7;25;7;0,6
26409;1997;7;26;7;1,0
26409;1997;7;27;7;3,0
26409;1997;7;28;7;2,0
26409;1997;7;29;7;8,0
26409;1997;7;30;7;0,0
26409;1997;7;31;7;16,1
26409;1997;8;1;7;4,1
26409;1997;8;2;7;0,0
26409;1997;8;3;7;0,0
26409;1997;8;4;7;0,0
26409;1997;8;5;7;0,0
26409;1997;8;6;7;0,0
26409;1997;8;7;7;0,0
26409;1997;8;8;7;0,0
26409;1997;8;9;7;0,0
26409;1997;8;10;7;0,0
26409;1997;8;11;7;0,0
26409;1997;8;12;7;0,0
26409;1997;8;13;7;0,0
26409;1997;8;14;7;0,0
26409;1997;8;15;7;0,0
26409;1997;8;16;7;0,0
26409;1997;8;17;7;0,0
26409;1997;8;18;7;0,0
26409;1997;8;19;7;0,0
26409;1997;8;20;7;0,0
26409;1997;8;21;7;0,0
26409;1997;8;22;7;0,0
26409;1997;8;23;7;1,2
26409;1997;8;24;7;0,0
26409;1997;8;25;7;0,0
26409;1997;8;26;7;0,7
26409;1997;8;27;7;3,9
26409;1997;8;28;7;0,0
26409;1997;8;29;7;28,4
26409;1997;8;30;7;0,0
26409;1997;8;31;7;0,0
26409;1997;9;1;7;0,0
26409;1997;9;2;7;0,0
26409;1997;9;3;7;1,5
26409;1997;9;4;7;0,0
26409;1997;9;5;7;1,2
26409;1997;9;6;7;0,0
26409;1997;9;7;7;5,5
26409;1997;9;8;7;2,1
26409;1997;9;9;7;3,1
26409;1997;9;10;7;2,8
26409;1997;9;11;7;0,0
26409;1997;9;12;7;4,5
26409;1997;9;13;7;10,2
26409;1997;9;14;7;7,1
26409;1997;9;15;7;5,9
26409;1997;9;16;7;7,7
26409;1997;9;17;7;0,5
26409;1997;9;18;7;0,0
26409;1997;9;19;7;0,0
26409;1997;9;20;7;0,0
26409;1997;9;21;7;0,0
26409;1997;9;22;7;0,0
26409;1997;9;23;7;0,0
26409;1997;9;24;7;0,0
26409;1997;9;25;7;0,0
26409;1997;9;26;7;0,0
26409;1997;9;27;7;0,0
26409;1997;9;28;7;0,0
26409;1997;9;29;7;0,0
26409;1997;9;30;7;0,0
26409;1997;10;1;7;0,0
26409;1997;10;2;7;3,4
26409;1997;10;3;7;0,0
26409;1997;10;4;7;0,0
26409;1997;10;5;7;0,0
26409;1997;10;6;7;2,0
26409;1997;10;7;7;0,0
26409;1997;10;8;7;10,1
26409;1997;10;9;7;20,5
26409;1997;10;10;7;21,0
26409;1997;10;11;7;17,0
26409;1997;10;12;7;3,9
26409;1997;10;13;7;5,0
26409;1997;10;14;7;4,2
26409;1997;10;15;7;0,0
26409;1997;10;16;7;0,0
26409;1997;10;17;7;0,0
26409;1997;10;18;7;1,8
26409;1997;10;19;7;0,0
26409;1997;10;20;7;0,0
26409;1997;10;21;7;0,0
26409;1997;10;22;7;0,5
26409;1997;10;23;7;0,0
26409;1997;10;24;7;2,2
26409;1997;10;25;7;10,0
26409;1997;10;26;7;0,5
26409;1997;10;27;7;0,0
26409;1997;10;28;7;0,0
26409;1997;10;29;7;0,0
26409;1997;10;30;7;0,0
26409;1997;10;31;7;0,0
26409;1997;11;1;7;0,0
26409;1997;11;2;7;1,6
26409;1997;11;3;7;0,0
26409;1997;11;4;7;0,0
26409;1997;11;5;7;0,0
26409;1997;11;6;7;2,0
26409;1997;11;7;7;6,0
26409;1997;11;8;7;1,8
26409;1997;11;9;7;1,0
26409;1997;11;10;7;0,0
26409;1997;11;11;7;2,2
26409;1997;11;12;7;0,4
26409;1997;11;13;7;1,1
26409;1997;11;14;7;0,0
26409;1997;11;15;7;7,0
26409;1997;11;16;7;1,8
26409;1997;11;17;7;0,0
26409;1997;11;18;7;0,0
26409;1997;11;19;7;0,0
26409;1997;11;20;7;0,0
26409;1997;11;21;7;0,0
26409;1997;11;22;7;0,0
26409;1997;11;23;7;0,3
26409;1997;11;24;7;0,5
26409;1997;11;25;7;0,0
26409;1997;11;26;7;0,0
26409;1997;11;27;7;0,0
26409;1997;11;28;7;0,0
26409;1997;11;29;7;2,9
26409;1997;11;30;7;4,8
26409;1997;12;1;7;4,0
26409;1997;12;2;7;0,0
26409;1997;12;3;7;0,0
26409;1997;12;4;7;0,0
26409;1997;12;5;7;0,8
26409;1997;12;6;7;0,4
26409;1997;12;7;7;13,3
26409;1997;12;8;7;0,0
26409;1997;12;9;7;0,5
26409;1997;12;10;7;22,0
26409;1997;12;11;7;18,0
26409;1997;12;12;7;2,6
26409;1997;12;13;7;0,4
26409;1997;12;14;7;4,0
26409;1997;12;15;7;0,0
26409;1997;12;16;7;0,0
26409;1997;12;17;7;0,0
26409;1997;12;18;7;0,0
26409;1997;12;19;7;0,0
26409;1997;12;20;7;0,0
26409;1997;12;21;7;0,0
26409;1997;12;22;7;0,0
26409;1997;12;23;7;0,0
26409;1997;12;24;7;4,2
26409;1997;12;25;7;12,0
26409;1997;12;26;7;7,0
26409;1997;12;27;7;6,8
26409;1997;12;28;7;1,4
26409;1997;12;29;7;1,0
26409;1997;12;30;7;0,3
26409;1997;12;31;7;0,4
26409;1998;1;1;7;4,2
26409;1998;1;2;7;1,0
26409;1998;1;3;7;4,4
26409;1998;1;4;7;20,0
26409;1998;1;5;7;12,0
26409;1998;1;6;7;13,0
26409;1998;1;7;7;1,3
26409;1998;1;8;7;4,2
26409;1998;1;9;7;8,0
26409;1998;1;10;7;6,1
26409;1998;1;11;7;0,0
26409;1998;1;12;7;0,0
26409;1998;1;13;7;0,0
26409;1998;1;14;7;0,0
26409;1998;1;15;7;3,0
26409;1998;1;16;7;2,2
26409;1998;1;17;7;3,6
26409;1998;1;18;7;7,8
26409;1998;1;19;7;3,0
26409;1998;1;20;7;5,5
26409;1998;1;21;7;0,0
26409;1998;1;22;7;0,0
26409;1998;1;23;7;0,0
26409;1998;1;24;7;1,4
26409;1998;1;25;7;0,0
26409;1998;1;26;7;0,0
26409;1998;1;27;7;0,8
26409;1998;1;28;7;1,1
26409;1998;1;29;7;0,0
26409;1998;1;30;7;1,5
26409;1998;1;31;7;0,0
26409;1998;2;1;7;0,0
26409;1998;2;2;7;0,6
26409;1998;2;3;7;5,5
26409;1998;2;4;7;0,9
26409;1998;2;5;7;4,0
26409;1998;2;6;7;0,0
26409;1998;2;7;7;0,0
26409;1998;2;8;7;4,0
26409;1998;2;9;7;2,5
26409;1998;2;10;7;0,0
26409;1998;2;11;7;0,0
26409;1998;2;12;7;14,0
26409;1998;2;13;7;2,0
26409;1998;2;14;7;1,4
26409;1998;2;15;7;0,5
26409;1998;2;16;7;0,0
26409;1998;2;17;7;6,0
26409;1998;2;18;7;0,5
26409;1998;2;19;7;0,0
26409;1998;2;20;7;0,0
26409;1998;2;21;7;0,0
26409;1998;2;22;7;9,5
26409;1998;2;23;7;0,0
26409;1998;2;24;7;0,3
26409;1998;2;25;7;0,0
26409;1998;2;26;7;0,0
26409;1998;2;27;7;3,6
26409;1998;2;28;7;3,7
26409;1998;3;1;7;0,3
26409;1998;3;2;7;11,2
26409;1998;3;3;7;7,0
26409;1998;3;4;7;25,0
26409;1998;3;5;7;5,0
26409;1998;3;6;7;3,4
26409;1998;3;7;7;5,0
26409;1998;3;8;7;11,0
26409;1998;3;9;7;0,0
26409;1998;3;10;7;0,0
26409;1998;3;11;7;0,5
26409;1998;3;12;7;1,4
26409;1998;3;13;7;0,0
26409;1998;3;14;7;0,4
26409;1998;3;15;7;0,0
26409;1998;3;16;7;0,0
26409;1998;3;17;7;0,0
26409;1998;3;18;7;0,0
26409;1998;3;19;7;0,0
26409;1998;3;20;7;0,0
26409;1998;3;21;7;0,0
26409;1998;3;22;7;0,0
26409;1998;3;23;7;0,0
26409;1998;3;24;7;0,0
26409;1998;3;25;7;0,0
26409;1998;3;26;7;0,0
26409;1998;3;27;7;4,6
26409;1998;3;28;7;0,0
26409;1998;3;29;7;1,0
26409;1998;3;30;7;0,0
26409;1998;3;31;7;0,0
26409;1998;4;1;7;0,0
26409;1998;4;2;7;0,6
26409;1998;4;3;7;5,5
26409;1998;4;4;7;22,1
26409;1998;4;5;7;5,8
26409;1998;4;6;7;6,5
26409;1998;4;7;7;5,1
26409;1998;4;8;7;0,6
26409;1998;4;9;7;0,4
26409;1998;4;10;7;1,2
26409;1998;4;11;7;0,0
26409;1998;4;12;7;2,4
26409;1998;4;13;7;0,5
26409;1998;4;14;7;4,6
26409;1998;4;15;7;7,1
26409;1998;4;16;7;3,9
26409;1998;4;17;7;2,2
26409;1998;4;18;7;0,0
26409;1998;4;19;7;0,6
26409;1998;4;20;7;0,0
26409;1998;4;21;7;8,5
26409;1998;4;22;7;0,5
26409;1998;4;23;7;0,0
26409;1998;4;24;7;0,0
26409;1998;4;25;7;3,8
26409;1998;4;26;7;6,0
26409;1998;4;27;7;1,5
26409;1998;4;28;7;6,7
26409;1998;4;29;7;2,0
26409;1998;4;30;7;22,2
26409;1998;5;1;7;0,0
26409;1998;5;2;7;0,0
26409;1998;5;3;7;0,0
26409;1998;5;4;7;0,0
26409;1998;5;5;7;0,0
26409;1998;5;6;7;7,4
26409;1998;5;7;7;4,0
26409;1998;5;8;7;0,0
26409;1998;5;9;7;0,0
26409;1998;5;10;7;0,0
26409;1998;5;11;7;0,0
26409;1998;5;12;7;10,0
26409;1998;5;13;7;0,3
26409;1998;5;14;7;0,0
26409;1998;5;15;7;0,0
26409;1998;5;16;7;0,0
26409;1998;5;17;7;0,0
26409;1998;5;18;7;0,0
26409;1998;5;19;7;0,0
26409;1998;5;20;7;0,0
26409;1998;5;21;7;0,0
26409;1998;5;22;7;0,0
26409;1998;5;23;7;0,0
26409;1998;5;24;7;0,0
26409;1998;5;25;7;1,2
26409;1998;5;26;7;1,7
26409;1998;5;27;7;1,6
26409;1998;5;28;7;0,0
26409;1998;5;29;7;0,0
26409;1998;5;30;7;0,0
26409;1998;5;31;7;0,0
26409;1998;6;1;7;0,0
26409;1998;6;2;7;0,0
26409;1998;6;3;7;0,0
26409;1998;6;4;7;2,8
26409;1998;6;5;7;0,0
26409;1998;6;6;7;1,5
26409;1998;6;7;7;5,0
26409;1998;6;8;7;7,6
26409;1998;6;9;7;2,2
26409;1998;6;10;7;15,6
26409;1998;6;11;7;2,0
26409;1998;6;12;7;2,6
26409;1998;6;13;7;0,0
26409;1998;6;14;7;0,0
26409;1998;6;15;7;0,0
26409;1998;6;16;7;0,0
26409;1998;6;17;7;0,0
26409;1998;6;18;7;0,5
26409;1998;6;19;7;2,0
26409;1998;6;20;7;0,6
26409;1998;6;21;7;0,0
26409;1998;6;22;7;0,0
26409;1998;6;23;7;0,0
26409;1998;6;24;7;0,8
26409;1998;6;25;7;0,0
26409;1998;6;26;7;9,2
26409;1998;6;27;7;0,3
26409;1998;6;28;7;7,1
26409;1998;6;29;7;7,5
26409;1998;6;30;7;4,5
26409;1998;7;1;7;6,2
26409;1998;7;2;7;0,0
26409;1998;7;3;7;0,0
26409;1998;7;4;7;1,2
26409;1998;7;5;7;4,7
26409;1998;7;6;7;2,9
26409;1998;7;7;7;1,4
26409;1998;7;8;7;1,6
26409;1998;7;9;7;2,7
26409;1998;7;10;7;5,3
26409;1998;7;11;7;4,9
26409;1998;7;12;7;1,6
26409;1998;7;13;7;6,8
26409;1998;7;14;7;6,3
26409;1998;7;15;7;6,0
26409;1998;7;16;7;0,0
26409;1998;7;17;7;0,0
26409;1998;7;18;7;10,0
26409;1998;7;19;7;16,0
26409;1998;7;20;7;0,0
26409;1998;7;21;7;1,5
26409;1998;7;22;7;3,1
26409;1998;7;23;7;0,0
26409;1998;7;24;7;0,5
26409;1998;7;25;7;0,5
26409;1998;7;26;7;0,0
26409;1998;7;27;7;0,5
26409;1998;7;28;7;3,0
26409;1998;7;29;7;2,3
26409;1998;7;30;7;10,0
26409;1998;7;31;7;17,5
26409;1998;8;1;7;5,6
26409;1998;8;2;7;0,0
26409;1998;8;3;7;0,0
26409;1998;8;4;7;9,0
26409;1998;8;5;7;3,2
26409;1998;8;6;7;0,8
26409;1998;8;7;7;2,4
26409;1998;8;8;7;0,0
26409;1998;8;9;7;0,0
26409;1998;8;10;7;0,0
26409;1998;8;11;7;0,0
26409;1998;8;12;7;0,0
26409;1998;8;13;7;0,0
26409;1998;8;14;7;6,0
26409;1998;8;15;7;0,0
26409;1998;8;16;7;1,0
26409;1998;8;17;7;0,0
26409;1998;8;18;7;0,0
26409;1998;8;19;7;0,0
26409;1998;8;20;7;0,0
26409;1998;8;21;7;18,5
26409;1998;8;22;7;12,9
26409;1998;8;23;7;3,1
26409;1998;8;24;7;13,7
26409;1998;8;25;7;2,2
26409;1998;8;26;7;3,9
26409;1998;8;27;7;0,5
26409;1998;8;28;7;0,3
26409;1998;8;29;7;1,5
26409;1998;8;30;7;0,0
26409;1998;8;31;7;5,0
26409;1998;9;1;7;0,0
26409;1998;9;2;7;0,0
26409;1998;9;3;7;0,0
26409;1998;9;4;7;0,0
26409;1998;9;5;7;0,3
26409;1998;9;6;7;1,5
26409;1998;9;7;7;0,0
26409;1998;9;8;7;0,0
26409;1998;9;9;7;8,8
26409;1998;9;10;7;20,5
26409;1998;9;11;7;3,3
26409;1998;9;12;7;1,1
26409;1998;9;13;7;0,8
26409;1998;9;14;7;5,0
26409;1998;9;15;7;1,6
26409;1998;9;16;7;2,0
26409;1998;9;17;7;7,6
26409;1998;9;18;7;0,0
26409;1998;9;19;7;0,4
26409;1998;9;20;7;0,0
26409;1998;9;21;7;0,0
26409;1998;9;22;7;0,0
26409;1998;9;23;7;0,0
26409;1998;9;24;7;0,0
26409;1998;9;25;7;0,0
26409;1998;9;26;7;0,0
26409;1998;9;27;7;0,0
26409;1998;9;28;7;0,0
26409;1998;9;29;7;6,6
26409;1998;9;30;7;1,4
26409;1998;10;1;7;0,0
26409;1998;10;2;7;0,0
26409;1998;10;3;7;0,3
26409;1998;10;4;7;4,5
26409;1998;10;5;7;0,0
26409;1998;10;6;7;0,0
26409;1998;10;7;7;1,8
26409;1998;10;8;7;4,4
26409;1998;10;9;7;1,2
26409;1998;10;10;7;7,8
26409;1998;10;11;7;5,0
26409;1998;10;12;7;12,0
26409;1998;10;13;7;0,5
26409;1998;10;14;7;6,5
26409;1998;10;15;7;3,0
26409;1998;10;16;7;3,2
26409;1998;10;17;7;10,0
26409;1998;10;18;7;1,6
26409;1998;10;19;7;0,5
26409;1998;10;20;7;7,1
26409;1998;10;21;7;1,7
26409;1998;10;22;7;15,5
26409;1998;10;23;7;7,5
26409;1998;10;24;7;1,2
26409;1998;10;25;7;19,3
26409;1998;10;26;7;8,5
26409;1998;10;27;7;2,5
26409;1998;10;28;7;22,0
26409;1998;10;29;7;9,0
26409;1998;10;30;7;4,9
26409;1998;10;31;7;5,5
26409;1998;11;1;7;2,3
26409;1998;11;2;7;0,7
26409;1998;11;3;7;4,5
26409;1998;11;4;7;18,0
26409;1998;11;5;7;6,5
26409;1998;11;6;7;10,5
26409;1998;11;7;7;0,2
26409;1998;11;8;7;0,5
26409;1998;11;9;7;0,0
26409;1998;11;10;7;7,5
26409;1998;11;11;7;4,0
26409;1998;11;12;7;1,7
26409;1998;11;13;7;0,5
26409;1998;11;14;7;7,7
26409;1998;11;15;7;5,6
26409;1998;11;16;7;0,0
26409;1998;11;17;7;0,0
26409;1998;11;18;7;0,0
26409;1998;11;19;7;0,0
26409;1998;11;20;7;0,0
26409;1998;11;21;7;0,0
26409;1998;11;22;7;0,0
26409;1998;11;23;7;0,0
26409;1998;11;24;7;0,0
26409;1998;11;25;7;0,0
26409;1998;11;26;7;0,0
26409;1998;11;27;7;2,0
26409;1998;11;28;7;0,3
26409;1998;11;29;7;0,0
26409;1998;11;30;7;0,0
26409;1998;12;1;7;0,0
26409;1998;12;2;7;0,0
26409;1998;12;3;7;0,0
26409;1998;12;4;7;0,0
26409;1998;12;5;7;2,3
26409;1998;12;6;7;0,0
26409;1998;12;7;7;0,0
26409;1998;12;8;7;0,0
26409;1998;12;9;7;0,0
26409;1998;12;10;7;0,0
26409;1998;12;11;7;0,0
26409;1998;12;12;7;0,0
26409;1998;12;13;7;10,0
26409;1998;12;14;7;5,5
26409;1998;12;15;7;1,5
26409;1998;12;16;7;0,0
26409;1998;12;17;7;0,0
26409;1998;12;18;7;0,0
26409;1998;12;19;7;1,1
26409;1998;12;20;7;2,5
26409;1998;12;21;7;0,0
26409;1998;12;22;7;0,5
26409;1998;12;23;7;0,8
26409;1998;12;24;7;7,0
26409;1998;12;25;7;5,4
26409;1998;12;26;7;27,2
26409;1998;12;27;7;8,8
26409;1998;12;28;7;0,0
26409;1998;12;29;7;0,0
26409;1998;12;30;7;0,0
26409;1998;12;31;7;0,0
26409;1999;1;1;7;0,0
26409;1999;1;2;7;0,0
26409;1999;1;3;7;1,6
26409;1999;1;4;7;0,0
26409;1999;1;5;7;10,5
26409;1999;1;6;7;9,0
26409;1999;1;7;7;7,4
26409;1999;1;8;7;0,8
26409;1999;1;9;7;4,5
26409;1999;1;10;7;0,0
26409;1999;1;11;7;2,5
26409;1999;1;12;7;8,0
26409;1999;1;13;7;2,0
26409;1999;1;14;7;4,6
26409;1999;1;15;7;4,4
26409;1999;1;16;7;12,2
26409;1999;1;17;7;2,0
26409;1999;1;18;7;0,0
26409;1999;1;19;7;0,4
26409;1999;1;20;7;5,9
26409;1999;1;21;7;12,0
26409;1999;1;22;7;0,0
26409;1999;1;23;7;0,0
26409;1999;1;24;7;5,6
26409;1999;1;25;7;2,6
26409;1999;1;26;7;2,0
26409;1999;1;27;7;6,1
26409;1999;1;28;7;0,0
26409;1999;1;29;7;0,0
26409;1999;1;30;7;0,0
26409;1999;1;31;7;0,0
26409;1999;2;1;7;2,6
26409;1999;2;2;7;0,3
26409;1999;2;3;7;0,0
26409;1999;2;4;7;3,5
26409;1999;2;5;7;7,8
26409;1999;2;6;7;2,3
26409;1999;2;7;7;1,7
26409;1999;2;8;7;0,0
26409;1999;2;9;7;5,9
26409;1999;2;10;7;2,0
26409;1999;2;11;7;2,1
26409;1999;2;12;7;0,0
26409;1999;2;13;7;0,0
26409;1999;2;14;7;0,0
26409;1999;2;15;7;3,0
26409;1999;2;16;7;9,5
26409;1999;2;17;7;1,2
26409;1999;2;18;7;6,0
26409;1999;2;19;7;1,9
26409;1999;2;20;7;5,9
26409;1999;2;21;7;7,0
26409;1999;2;22;7;4,6
26409;1999;2;23;7;2,0
26409;1999;2;24;7;0,0
26409;1999;2;25;7;0,0
26409;1999;2;26;7;5,0
26409;1999;2;27;7;8,5
26409;1999;2;28;7;4,0
26409;1999;3;1;7;7,2
26409;1999;3;2;7;1,4
26409;1999;3;3;7;21,5
26409;1999;3;4;7;3,8
26409;1999;3;5;7;2,0
26409;1999;3;6;7;15,0
26409;1999;3;7;7;11,5
26409;1999;3;8;7;0,7
26409;1999;3;9;7;1,5
26409;1999;3;10;7;0,0
26409;1999;3;11;7;0,5
26409;1999;3;12;7;0,0
26409;1999;3;13;7;0,0
26409;1999;3;14;7;1,2
26409;1999;3;15;7;0,0
26409;1999;3;16;7;0,0
26409;1999;3;17;7;0,0
26409;1999;3;18;7;0,0
26409;1999;3;19;7;8,2
26409;1999;3;20;7;0,1
26409;1999;3;21;7;2,0
26409;1999;3;22;7;2,0
26409;1999;3;23;7;5,0
26409;1999;3;24;7;0,6
26409;1999;3;25;7;0,0
26409;1999;3;26;7;0,3
26409;1999;3;27;7;12,0
26409;1999;3;28;7;0,0
26409;1999;3;29;7;0,0
26409;1999;3;30;7;0,0
26409;1999;3;31;7;2,1
26409;1999;4;1;7;0,0
26409;1999;4;2;7;0,0
26409;1999;4;3;7;0,0
26409;1999;4;4;7;0,0
26409;1999;4;5;7;0,0
26409;1999;4;6;7;5,2
26409;1999;4;7;7;2,5
26409;1999;4;8;7;0,0
26409;1999;4;9;7;0,9
26409;1999;4;10;7;0,5
26409;1999;4;11;7;1,0
26409;1999;4;12;7;0,0
26409;1999;4;13;7;5,4
26409;1999;4;14;7;6,6
26409;1999;4;15;7;1,0
26409;1999;4;16;7;0,6
26409;1999;4;17;7;0,0
26409;1999;4;18;7;0,0
26409;1999;4;19;7;0,9
26409;1999;4;20;7;0,4
26409;1999;4;21;7;0,0
26409;1999;4;22;7;3,3
26409;1999;4;23;7;0,0
26409;1999;4;24;7;0,0
26409;1999;4;25;7;0,0
26409;1999;4;26;7;0,0
26409;1999;4;27;7;0,0
26409;1999;4;28;7;0,0
26409;1999;4;29;7;0,0
26409;1999;4;30;7;0,0
26409;1999;5;1;7;0,0
26409;1999;5;2;7;0,0
26409;1999;5;3;7;0,0
26409;1999;5;4;7;0,0
26409;1999;5;5;7;0,0
26409;1999;5;6;7;0,0
26409;1999;5;7;7;0,0
26409;1999;5;8;7;0,0
26409;1999;5;9;7;10,0
26409;1999;5;10;7;5,0
26409;1999;5;11;7;3,2
26409;1999;5;12;7;0,0
26409;1999;5;13;7;12,2
26409;1999;5;14;7;1,8
26409;1999;5;15;7;0,0
26409;1999;5;16;7;0,0
26409;1999;5;17;7;0,0
26409;1999;5;18;7;0,0
26409;1999;5;19;7;0,0
26409;1999;5;20;7;0,0
26409;1999;5;21;7;0,0
26409;1999;5;22;7;3,0
26409;1999;5;23;7;0,2
26409;1999;5;24;7;0,5
26409;1999;5;25;7;1,0
26409;1999;5;26;7;0,5
26409;1999;5;27;7;0,0
26409;1999;5;28;7;0,0
26409;1999;5;29;7;0,0
26409;1999;5;30;7;6,8
26409;1999;5;31;7;0,3
26409;1999;6;1;7;0,0
26409;1999;6;2;7;0,0
26409;1999;6;3;7;4,8
26409;1999;6;4;7;2,4
26409;1999;6;5;7;5,8
26409;1999;6;6;7;8,0
26409;1999;6;7;7;14,8
26409;1999;6;8;7;0,0
26409;1999;6;9;7;5,2
26409;1999;6;10;7;14,3
26409;1999;6;11;7;8,3
26409;1999;6;12;7;9,8
26409;1999;6;13;7;0,0
26409;1999;6;14;7;0,0
26409;1999;6;15;7;0,0
26409;1999;6;16;7;0,0
26409;1999;6;17;7;0,0
26409;1999;6;18;7;3,5
26409;1999;6;19;7;0,0
26409;1999;6;20;7;0,0
26409;1999;6;21;7;19,8
26409;1999;6;22;7;1,5
26409;1999;6;23;7;0,0
26409;1999;6;24;7;0,6
26409;1999;6;25;7;0,8
26409;1999;6;26;7;0,5
26409;1999;6;27;7;8,3
26409;1999;6;28;7;0,8
26409;1999;6;29;7;1,6
26409;1999;6;30;7;9,6
26409;1999;7;1;7;0,0
26409;1999;7;2;7;0,0
26409;1999;7;3;7;0,7
26409;1999;7;4;7;1,5
26409;1999;7;5;7;8,5
26409;1999;7;6;7;0,0
26409;1999;7;7;7;0,0
26409;1999;7;8;7;0,0
26409;1999;7;9;7;0,0
26409;1999;7;10;7;0,0
26409;1999;7;11;7;0,0
26409;1999;7;12;7;0,0
26409;1999;7;13;7;0,0
26409;1999;7;14;7;1,0
26409;1999;7;15;7;2,8
26409;1999;7;16;7;0,0
26409;1999;7;17;7;5,1
26409;1999;7;18;7;0,0
26409;1999;7;19;7;0,0
26409;1999;7;20;7;0,0
26409;1999;7;21;7;6,0
26409;1999;7;22;7;2,0
26409;1999;7;23;7;7,0
26409;1999;7;24;7;0,0
26409;1999;7;25;7;0,0
26409;1999;7;26;7;0,0
26409;1999;7;27;7;0,0
26409;1999;7;28;7;0,0
26409;1999;7;29;7;0,0
26409;1999;7;30;7;0,0
26409;1999;7;31;7;0,0
26409;1999;8;1;7;0,0
26409;1999;8;2;7;0,0
26409;1999;8;3;7;0,0
26409;1999;8;4;7;0,0
26409;1999;8;5;7;0,0
26409;1999;8;6;7;0,0
26409;1999;8;7;7;0,0
26409;1999;8;8;7;10,8
26409;1999;8;9;7;3,5
26409;1999;8;10;7;9,5
26409;1999;8;11;7;8,2
26409;1999;8;12;7;0,0
26409;1999;8;13;7;0,0
26409;1999;8;14;7;0,0
26409;1999;8;15;7;7,1
26409;1999;8;16;7;8,5
26409;1999;8;17;7;0,0
26409;1999;8;18;7;0,5
26409;1999;8;19;7;7,7
26409;1999;8;20;7;6,3
26409;1999;8;21;7;5,4
26409;1999;8;22;7;0,4
26409;1999;8;23;7;0,0
26409;1999;8;24;7;0,0
26409;1999;8;25;7;0,0
26409;1999;8;26;7;0,0
26409;1999;8;27;7;1,2
26409;1999;8;28;7;0,0
26409;1999;8;29;7;0,0
26409;1999;8;30;7;0,0
26409;1999;8;31;7;3,8
26409;1999;9;1;7;1,0
26409;1999;9;2;7;0,0
26409;1999;9;3;7;0,0
26409;1999;9;4;7;0,0
26409;1999;9;5;7;0,0
26409;1999;9;6;7;0,0
26409;1999;9;7;7;0,0
26409;1999;9;8;7;0,0
26409;1999;9;9;7;0,0
26409;1999;9;10;7;0,0
26409;1999;9;11;7;0,0
26409;1999;9;12;7;0,0
26409;1999;9;13;7;0,0
26409;1999;9;14;7;0,0
26409;1999;9;15;7;0,0
26409;1999;9;16;7;0,0
26409;1999;9;17;7;1,8
26409;1999;9;18;7;9,1
26409;1999;9;19;7;0,0
26409;1999;9;20;7;0,0
26409;1999;9;21;7;20,2
26409;1999;9;22;7;6,0
26409;1999;9;23;7;2,8
26409;1999;9;24;7;5,8
26409;1999;9;25;7;2,5
26409;1999;9;26;7;1,0
26409;1999;9;27;7;1,0
26409;1999;9;28;7;6,5
26409;1999;9;29;7;7,0
26409;1999;9;30;7;6,5
26409;1999;10;1;7;38,2
26409;1999;10;2;7;13,3
26409;1999;10;3;7;6,5
26409;1999;10;4;7;9,0
26409;1999;10;5;7;8,8
26409;1999;10;6;7;0,0
26409;1999;10;7;7;0,0
26409;1999;10;8;7;12,8
26409;1999;10;9;7;12,4
26409;1999;10;10;7;2,3
26409;1999;10;11;7;4,3
26409;1999;10;12;7;1,5
26409;1999;10;13;7;1,6
26409;1999;10;14;7;0,0
26409;1999;10;15;7;0,0
26409;1999;10;16;7;0,0
26409;1999;10;17;7;0,0
26409;1999;10;18;7;0,0
26409;1999;10;19;7;0,0
26409;1999;10;20;7;0,0
26409;1999;10;21;7;0,0
26409;1999;10;22;7;0,6
26409;1999;10;23;7;0,0
26409;1999;10;24;7;2,3
26409;1999;10;25;7;3,2
26409;1999;10;26;7;3,5
26409;1999;10;27;7;6,2
26409;1999;10;28;7;0,0
26409;1999;10;29;7;0,4
26409;1999;10;30;7;0,0
26409;1999;10;31;7;1,0
26409;1999;11;1;7;2,1
26409;1999;11;2;7;1,2
26409;1999;11;3;7;0,0
26409;1999;11;4;7;0,0
26409;1999;11;5;7;0,0
26409;1999;11;6;7;0,0
26409;1999;11;7;7;3,8
26409;1999;11;8;7;2,2
26409;1999;11;9;7;3,5
26409;1999;11;10;7;0,0
26409;1999;11;11;7;0,0
26409;1999;11;12;7;0,0
26409;1999;11;13;7;1,0
26409;1999;11;14;7;0,0
26409;1999;11;15;7;0,0
26409;1999;11;16;7;0,0
26409;1999;11;17;7;0,8
26409;1999;11;18;7;4,4
26409;1999;11;19;7;0,0
26409;1999;11;20;7;5,0
26409;1999;11;21;7;0,0
26409;1999;11;22;7;0,0
26409;1999;11;23;7;0,8
26409;1999;11;24;7;0,0
26409;1999;11;25;7;5,1
26409;1999;11;26;7;5,6
26409;1999;11;27;7;2,3
26409;1999;11;28;7;2,5
26409;1999;11;29;7;0,0
26409;1999;11;30;7;0,8
26409;1999;12;1;7;12,0
26409;1999;12;2;7;5,0
26409;1999;12;3;7;10,4
26409;1999;12;4;7;24,0
26409;1999;12;5;7;4,2
26409;1999;12;6;7;4,8
26409;1999;12;7;7;8,9
26409;1999;12;8;7;4,4
26409;1999;12;9;7;7,0
26409;1999;12;10;7;3,0
26409;1999;12;11;7;1,6
26409;1999;12;12;7;25,2
26409;1999;12;13;7;5,5
26409;1999;12;14;7;0,5
26409;1999;12;15;7;0,0
26409;1999;12;16;7;0,0
26409;1999;12;17;7;4,8
26409;1999;12;18;7;6,2
26409;1999;12;19;7;3,0
26409;1999;12;20;7;4,5
26409;1999;12;21;7;0,0
26409;1999;12;22;7;0,0
26409;1999;12;23;7;9,8
26409;1999;12;24;7;1,6
26409;1999;12;25;7;20,8
26409;1999;12;26;7;5,8
26409;1999;12;27;7;4,4
26409;1999;12;28;7;1,4
26409;1999;12;29;7;0,0
26409;1999;12;30;7;0,9
26409;1999;12;31;7;5,8
26409;2000;1;1;7;2,5
26409;2000;1;2;7;1,6
26409;2000;1;3;7;0,6
26409;2000;1;4;7;3,0
26409;2000;1;5;7;5,0
26409;2000;1;6;7;0,0
26409;2000;1;7;7;3,2
26409;2000;1;8;7;1,0
26409;2000;1;9;7;0,1
26409;2000;1;10;7;0,0
26409;2000;1;11;7;0,5
26409;2000;1;12;7;2,5
26409;2000;1;13;7;0,0
26409;2000;1;14;7;0,0
26409;2000;1;15;7;0,0
26409;2000;1;16;7;0,0
26409;2000;1;17;7;0,0
26409;2000;1;18;7;0,0
26409;2000;1;19;7;0,0
26409;2000;1;20;7;0,0
26409;2000;1;21;7;0,0
26409;2000;1;22;7;3,0
26409;2000;1;23;7;0,0
26409;2000;1;24;7;0,0
26409;2000;1;25;7;0,0
26409;2000;1;26;7;1,2
26409;2000;1;27;7;1,3
26409;2000;1;28;7;8,4
26409;2000;1;29;7;20,0
26409;2000;1;30;7;6,5
26409;2000;1;31;7;11,0
26409;2000;2;1;7;7,4
26409;2000;2;2;7;2,5
26409;2000;2;3;7;0,5
26409;2000;2;4;7;0,0
26409;2000;2;5;7;4,0
26409;2000;2;6;7;0,0
26409;2000;2;7;7;3,0
26409;2000;2;8;7;6,1
26409;2000;2;9;7;6,8
26409;2000;2;10;7;6,6
26409;2000;2;11;7;8,0
26409;2000;2;12;7;0,0
26409;2000;2;13;7;11,1
26409;2000;2;14;7;3,1
26409;2000;2;15;7;1,8
26409;2000;2;16;7;0,0
26409;2000;2;17;7;9,8
26409;2000;2;18;7;0,0
26409;2000;2;19;7;6,0
26409;2000;2;20;7;1,0
26409;2000;2;21;7;0,0
26409;2000;2;22;7;0,0
26409;2000;2;23;7;2,8
26409;2000;2;24;7;2,0
26409;2000;2;25;7;2,6
26409;2000;2;26;7;0,0
26409;2000;2;27;7;0,0
26409;2000;2;28;7;0,0
26409;2000;2;29;7;1,8
26409;2000;3;1;7;4,5
26409;2000;3;2;7;0,6
26409;2000;3;3;7;20,6
26409;2000;3;4;7;2,7
26409;2000;3;5;7;1,4
26409;2000;3;6;7;1,5
26409;2000;3;7;7;5,2
26409;2000;3;8;7;6,0
26409;2000;3;9;7;2,5
26409;2000;3;10;7;2,2
26409;2000;3;11;7;10,5
26409;2000;3;12;7;1,1
26409;2000;3;13;7;2,0
26409;2000;3;14;7;5,3
26409;2000;3;15;7;2,2
26409;2000;3;16;7;2,2
26409;2000;3;17;7;0,0
26409;2000;3;18;7;0,0
26409;2000;3;19;7;0,8
26409;2000;3;20;7;0,0
26409;2000;3;21;7;0,0
26409;2000;3;22;7;0,0
26409;2000;3;23;7;0,0
26409;2000;3;24;7;0,0
26409;2000;3;25;7;6,5
26409;2000;3;26;7;0,6
26409;2000;3;27;7;3,0
26409;2000;3;28;7;0,0
26409;2000;3;29;7;0,0
26409;2000;3;30;7;0,0
26409;2000;3;31;7;0,0
26409;2000;4;1;7;0,0
26409;2000;4;2;7;0,0
26409;2000;4;3;7;0,0
26409;2000;4;4;7;1,3
26409;2000;4;5;7;7,0
26409;2000;4;6;7;0,0
26409;2000;4;7;7;0,0
26409;2000;4;8;7;0,0
26409;2000;4;9;7;0,0
26409;2000;4;10;7;0,0
26409;2000;4;11;7;0,0
26409;2000;4;12;7;0,0
26409;2000;4;13;7;4,0
26409;2000;4;14;7;2,5
26409;2000;4;15;7;0,5
26409;2000;4;16;7;1,6
26409;2000;4;17;7;1,5
26409;2000;4;18;7;0,0
26409;2000;4;19;7;0,0
26409;2000;4;20;7;4,7
26409;2000;4;21;7;0,0
26409;2000;4;22;7;0,0
26409;2000;4;23;7;13,5
26409;2000;4;24;7;4,0
26409;2000;4;25;7;4,0
26409;2000;4;26;7;0,0
26409;2000;4;27;7;0,0
26409;2000;4;28;7;0,0
26409;2000;4;29;7;0,0
26409;2000;4;30;7;0,0
26409;2000;5;1;7;0,0
26409;2000;5;2;7;0,0
26409;2000;5;3;7;0,0
26409;2000;5;4;7;0,0
26409;2000;5;5;7;0,0
26409;2000;5;6;7;0,0
26409;2000;5;7;7;0,0
26409;2000;5;8;7;0,0
26409;2000;5;9;7;0,0
26409;2000;5;10;7;0,0
26409;2000;5;11;7;0,0
26409;2000;5;12;7;0,0
26409;2000;5;13;7;0,0
26409;2000;5;14;7;0,0
26409;2000;5;15;7;0,0
26409;2000;5;16;7;0,0
26409;2000;5;17;7;0,0
26409;2000;5;18;7;4,2
26409;2000;5;19;7;0,0
26409;2000;5;20;7;2,0
26409;2000;5;21;7;0,0
26409;2000;5;22;7;0,9
26409;2000;5;23;7;0,0
26409;2000;5;24;7;9,9
26409;2000;5;25;7;0,6
26409;2000;5;26;7;15,0
26409;2000;5;27;7;2,4
26409;2000;5;28;7;0,0
26409;2000;5;29;7;9,0
26409;2000;5;30;7;10,1
26409;2000;5;31;7;0,4
26409;2000;6;1;7;0,0
26409;2000;6;2;7;3,9
26409;2000;6;3;7;0,0
26409;2000;6;4;7;0,6
26409;2000;6;5;7;17,0
26409;2000;6;6;7;9,8
26409;2000;6;7;7;6,1
26409;2000;6;8;7;0,0
26409;2000;6;9;7;0,0
26409;2000;6;10;7;0,0
26409;2000;6;11;7;0,0
26409;2000;6;12;7;0,0
26409;2000;6;13;7;0,0
26409;2000;6;14;7;0,0
26409;2000;6;15;7;0,0
26409;2000;6;16;7;1,5
26409;2000;6;17;7;0,0
26409;2000;6;18;7;0,0
26409;2000;6;19;7;0,0
26409;2000;6;20;7;0,0
26409;2000;6;21;7;0,0
26409;2000;6;22;7;17,2
26409;2000;6;23;7;0,8
26409;2000;6;24;7;1,7
26409;2000;6;25;7;1,7
26409;2000;6;26;7;0,0
26409;2000;6;27;7;0,0
26409;2000;6;28;7;3,5
26409;2000;6;29;7;1,7
26409;2000;6;30;7;0,0
26409;2000;7;1;7;0,0
26409;2000;7;2;7;0,0
26409;2000;7;3;7;0,0
26409;2000;7;4;7;0,0
26409;2000;7;5;7;0,0
26409;2000;7;6;7;0,0
26409;2000;7;7;7;0,0
26409;2000;7;8;7;0,4
26409;2000;7;9;7;1,3
26409;2000;7;10;7;7,4
26409;2000;7;11;7;6,8
26409;2000;7;12;7;1,0
26409;2000;7;13;7;0,0
26409;2000;7;14;7;0,0
26409;2000;7;15;7;1,0
26409;2000;7;16;7;0,0
26409;2000;7;17;7;0,0
26409;2000;7;18;7;0,0
26409;2000;7;19;7;0,7
26409;2000;7;20;7;0,0
26409;2000;7;21;7;0,0
26409;2000;7;22;7;4,4
26409;2000;7;23;7;4,5
26409;2000;7;24;7;1,1
26409;2000;7;25;7;3,1
26409;2000;7;26;7;2,9
26409;2000;7;27;7;5,0
26409;2000;7;28;7;0,0
26409;2000;7;29;7;0,0
26409;2000;7;30;7;0,3
26409;2000;7;31;7;0,4
26409;2000;8;1;7;0,0
26409;2000;8;2;7;6,0
26409;2000;8;3;7;1,6
26409;2000;8;4;7;1,5
26409;2000;8;5;7;0,0
26409;2000;8;6;7;0,0
26409;2000;8;7;7;0,0
26409;2000;8;8;7;0,0
26409;2000;8;9;7;0,0
26409;2000;8;10;7;0,0
26409;2000;8;11;7;8,8
26409;2000;8;12;7;0,0
26409;2000;8;13;7;0,0
26409;2000;8;14;7;0,0
26409;2000;8;15;7;1,7
26409;2000;8;16;7;0,0
26409;2000;8;17;7;0,3
26409;2000;8;18;7;3,5
26409;2000;8;19;7;0,3
26409;2000;8;20;7;0,3
26409;2000;8;21;7;0,0
26409;2000;8;22;7;0,0
26409;2000;8;23;7;2,0
26409;2000;8;24;7;0,0
26409;2000;8;25;7;1,4
26409;2000;8;26;7;0,0
26409;2000;8;27;7;0,0
26409;2000;8;28;7;0,0
26409;2000;8;29;7;1,2
26409;2000;8;30;7;11,6
26409;2000;8;31;7;0,0
26409;2000;9;1;7;0,0
26409;2000;9;2;7;5,5
26409;2000;9;3;7;3,0
26409;2000;9;4;7;0,0
26409;2000;9;5;7;0,0
26409;2000;9;6;7;2,0
26409;2000;9;7;7;17,2
26409;2000;9;8;7;3,9
26409;2000;9;9;7;2,4
26409;2000;9;10;7;0,0
26409;2000;9;11;7;0,0
26409;2000;9;12;7;1,0
26409;2000;9;13;7;0,0
26409;2000;9;14;7;1,5
26409;2000;9;15;7;0,0
26409;2000;9;16;7;1,5
26409;2000;9;17;7;0,0
26409;2000;9;18;7;2,5
26409;2000;9;19;7;0,0
26409;2000;9;20;7;0,0
26409;2000;9;21;7;0,0
26409;2000;9;22;7;0,0
26409;2000;9;23;7;0,0
26409;2000;9;24;7;0,0
26409;2000;9;25;7;0,0
26409;2000;9;26;7;1,0
26409;2000;9;27;7;1,1
26409;2000;9;28;7;0,4
26409;2000;9;29;7;0,4
26409;2000;9;30;7;0,0
26409;2000;10;1;7;0,0
26409;2000;10;2;7;1,5
26409;2000;10;3;7;3,8
26409;2000;10;4;7;0,0
26409;2000;10;5;7;0,0
26409;2000;10;6;7;2,7
26409;2000;10;7;7;1,3
26409;2000;10;8;7;0,0
26409;2000;10;9;7;2,0
26409;2000;10;10;7;1,4
26409;2000;10;11;7;3,1
26409;2000;10;12;7;5,0
26409;2000;10;13;7;0,0
26409;2000;10;14;7;1,4
26409;2000;10;15;7;0,0
26409;2000;10;16;7;0,0
26409;2000;10;17;7;0,0
26409;2000;10;18;7;0,0
26409;2000;10;19;7;0,0
26409;2000;10;20;7;2,0
26409;2000;10;21;7;0,0
26409;2000;10;22;7;0,0
26409;2000;10;23;7;0,1
26409;2000;10;24;7;23,6
26409;2000;10;25;7;8,8
26409;2000;10;26;7;9,2
26409;2000;10;27;7;7,6
26409;2000;10;28;7;4,2
26409;2000;10;29;7;6,8
26409;2000;10;30;7;12,2
26409;2000;10;31;7;11,8
26409;2000;11;1;7;7,8
26409;2000;11;2;7;10,8
26409;2000;11;3;7;5,5
26409;2000;11;4;7;0,0
26409;2000;11;5;7;2,8
26409;2000;11;6;7;1,7
26409;2000;11;7;7;6,6
26409;2000;11;8;7;2,6
26409;2000;11;9;7;3,5
26409;2000;11;10;7;3,4
26409;2000;11;11;7;12,6
26409;2000;11;12;7;5,0
26409;2000;11;13;7;5,0
26409;2000;11;14;7;0,0
26409;2000;11;15;7;0,0
26409;2000;11;16;7;1,2
26409;2000;11;17;7;0,8
26409;2000;11;18;7;0,7
26409;2000;11;19;7;7,5
26409;2000;11;20;7;6,8
26409;2000;11;21;7;0,0
26409;2000;11;22;7;0,8
26409;2000;11;23;7;2,2
26409;2000;11;24;7;1,0
26409;2000;11;25;7;0,5
26409;2000;11;26;7;0,0
26409;2000;11;27;7;0,4
26409;2000;11;28;7;0,0
26409;2000;11;29;7;11,3
26409;2000;11;30;7;0,8
26409;2000;12;1;7;0,0
26409;2000;12;2;7;3,0
26409;2000;12;3;7;0,0
26409;2000;12;4;7;1,5
26409;2000;12;5;7;0,0
26409;2000;12;6;7;0,5
26409;2000;12;7;7;8,5
26409;2000;12;8;7;4,3
26409;2000;12;9;7;1,2
26409;2000;12;10;7;0,0
26409;2000;12;11;7;5,9
26409;2000;12;12;7;7,3
26409;2000;12;13;7;7,8
26409;2000;12;14;7;15,0
26409;2000;12;15;7;4,2
26409;2000;12;16;7;6,0
26409;2000;12;17;7;0,0
26409;2000;12;18;7;0,0
26409;2000;12;19;7;0,0
26409;2000;12;20;7;0,0
26409;2000;12;21;7;0,0
26409;2000;12;22;7;0,0
26409;2000;12;23;7;0,0
26409;2000;12;24;7;0,0
26409;2000;12;25;7;0,0
26409;2000;12;26;7;0,0
26409;2000;12;27;7;0,0
26409;2000;12;28;7;1,5
26409;2000;12;29;7;4,0
26409;2000;12;30;7;2,1
26409;2000;12;31;7;0,0
26409;2001;1;1;7;0,0
26409;2001;1;2;7;3,0
26409;2001;1;3;7;1,8
26409;2001;1;4;7;1,6
26409;2001;1;5;7;4,7
26409;2001;1;6;7;8,0
26409;2001;1;7;7;0,8
26409;2001;1;8;7;1,5
26409;2001;1;9;7;2,0
26409;2001;1;10;7;0,8
26409;2001;1;11;7;0,0
26409;2001;1;12;7;0,0
26409;2001;1;13;7;0,0
26409;2001;1;14;7;0,0
26409;2001;1;15;7;0,0
26409;2001;1;16;7;0,0
26409;2001;1;17;7;0,0
26409;2001;1;18;7;0,0
26409;2001;1;19;7;0,0
26409;2001;1;20;7;0,8
26409;2001;1;21;7;0,0
26409;2001;1;22;7;0,0
26409;2001;1;23;7;1,0
26409;2001;1;24;7;9,0
26409;2001;1;25;7;0,3
26409;2001;1;26;7;6,0
26409;2001;1;27;7;1,1
26409;2001;1;28;7;0,0
26409;2001;1;29;7;0,0
26409;2001;1;30;7;1,2
26409;2001;1;31;7;4,4
26409;2001;2;1;7;0,0
26409;2001;2;2;7;0,0
26409;2001;2;3;7;0,0
26409;2001;2;4;7;0,0
26409;2001;2;5;7;9,8
26409;2001;2;6;7;6,3
26409;2001;2;7;7;7,5
26409;2001;2;8;7;7,0
26409;2001;2;9;7;6,0
26409;2001;2;10;7;0,0
26409;2001;2;11;7;8,0
26409;2001;2;12;7;14,2
26409;2001;2;13;7;6,0
26409;2001;2;14;7;0,0
26409;2001;2;15;7;0,0
26409;2001;2;16;7;0,3
26409;2001;2;17;7;0,0
26409;2001;2;18;7;0,0
26409;2001;2;19;7;0,0
26409;2001;2;20;7;0,0
26409;2001;2;21;7;0,0
26409;2001;2;22;7;1,0
26409;2001;2;23;7;3,4
26409;2001;2;24;7;0,0
26409;2001;2;25;7;3,2
26409;2001;2;26;7;0,0
26409;2001;2;27;7;0,0
26409;2001;2;28;7;0,5
26409;2001;3;1;7;4,5
26409;2001;3;2;7;0,8
26409;2001;3;3;7;0,0
26409;2001;3;4;7;0,0
26409;2001;3;5;7;0,0
26409;2001;3;6;7;0,0
26409;2001;3;7;7;0,0
26409;2001;3;8;7;0,0
26409;2001;3;9;7;1,4
26409;2001;3;10;7;0,4
26409;2001;3;11;7;2,4
26409;2001;3;12;7;7,9
26409;2001;3;13;7;0,4
26409;2001;3;14;7;10,5
26409;2001;3;15;7;0,5
26409;2001;3;16;7;0,0
26409;2001;3;17;7;0,0
26409;2001;3;18;7;2,0
26409;2001;3;19;7;15,0
26409;2001;3;20;7;3,4
26409;2001;3;21;7;0,0
26409;2001;3;22;7;0,0
26409;2001;3;23;7;0,0
26409;2001;3;24;7;0,0
26409;2001;3;25;7;0,0
26409;2001;3;26;7;0,0
26409;2001;3;27;7;0,0
26409;2001;3;28;7;0,0
26409;2001;3;29;7;2,6
26409;2001;3;30;7;5,1
26409;2001;3;31;7;0,2
26409;2001;4;1;7;2,0
26409;2001;4;2;7;0,0
26409;2001;4;3;7;0,0
26409;2001;4;4;7;0,0
26409;2001;4;5;7;5,5
26409;2001;4;6;7;0,5
26409;2001;4;7;7;1,6
26409;2001;4;8;7;6,6
26409;2001;4;9;7;0,3
26409;2001;4;10;7;0,0
26409;2001;4;11;7;0,0
26409;2001;4;12;7;0,0
26409;2001;4;13;7;0,0
26409;2001;4;14;7;0,0
26409;2001;4;15;7;8,0
26409;2001;4;16;7;2,6
26409;2001;4;17;7;0,6
26409;2001;4;18;7;4,5
26409;2001;4;19;7;0,7
26409;2001;4;20;7;4,0
26409;2001;4;21;7;0,0
26409;2001;4;22;7;0,0
26409;2001;4;23;7;0,0
26409;2001;4;24;7;0,0
26409;2001;4;25;7;1,4
26409;2001;4;26;7;6,8
26409;2001;4;27;7;1,4
26409;2001;4;28;7;0,0
26409;2001;4;29;7;6,2
26409;2001;4;30;7;0,0
26409;2001;5;1;7;0,0
26409;2001;5;2;7;0,0
26409;2001;5;3;7;0,0
26409;2001;5;4;7;0,0
26409;2001;5;5;7;0,0
26409;2001;5;6;7;0,0
26409;2001;5;7;7;0,0
26409;2001;5;8;7;0,0
26409;2001;5;9;7;0,0
26409;2001;5;10;7;0,0
26409;2001;5;11;7;0,0
26409;2001;5;12;7;0,0
26409;2001;5;13;7;0,0
26409;2001;5;14;7;0,0
26409;2001;5;15;7;0,0
26409;2001;5;16;7;0,0
26409;2001;5;17;7;6,6
26409;2001;5;18;7;4,6
26409;2001;5;19;7;1,6
26409;2001;5;20;7;0,0
26409;2001;5;21;7;0,0
26409;2001;5;22;7;0,0
26409;2001;5;23;7;0,0
26409;2001;5;24;7;0,0
26409;2001;5;25;7;0,0
26409;2001;5;26;7;0,0
26409;2001;5;27;7;0,0
26409;2001;5;28;7;3,0
26409;2001;5;29;7;4,0
26409;2001;5;30;7;0,0
26409;2001;5;31;7;1,0
26409;2001;6;1;7;0,4
26409;2001;6;2;7;1,0
26409;2001;6;3;7;9,0
26409;2001;6;4;7;5,4
26409;2001;6;5;7;1,5
26409;2001;6;6;7;0,0
26409;2001;6;7;7;13,1
26409;2001;6;8;7;4,5
26409;2001;6;9;7;1,0
26409;2001;6;10;7;0,0
26409;2001;6;11;7;2,8
26409;2001;6;12;7;1,6
26409;2001;6;13;7;2,0
26409;2001;6;14;7;0,0
26409;2001;6;15;7;0,0
26409;2001;6;16;7;4,4
26409;2001;6;17;7;2,0
26409;2001;6;18;7;0,0
26409;2001;6;19;7;0,0
26409;2001;6;20;7;0,0
26409;2001;6;21;7;2,5
26409;2001;6;22;7;4,2
26409;2001;6;23;7;2,3
26409;2001;6;24;7;0,0
26409;2001;6;25;7;0,0
26409;2001;6;26;7;0,0
26409;2001;6;27;7;0,0
26409;2001;6;28;7;8,8
26409;2001;6;29;7;0,0
26409;2001;6;30;7;0,0
26409;2001;7;1;7;6,2
26409;2001;7;2;7;0,0
26409;2001;7;3;7;0,0
26409;2001;7;4;7;0,0
26409;2001;7;5;7;0,0
26409;2001;7;6;7;0,0
26409;2001;7;7;7;0,0
26409;2001;7;8;7;0,7
26409;2001;7;9;7;24,2
26409;2001;7;10;7;1,6
26409;2001;7;11;7;17,0
26409;2001;7;12;7;12,8
26409;2001;7;13;7;8,1
26409;2001;7;14;7;3,0
26409;2001;7;15;7;3,1
26409;2001;7;16;7;0,0
26409;2001;7;17;7;0,0
26409;2001;7;18;7;0,0
26409;2001;7;19;7;0,0
26409;2001;7;20;7;7,1
26409;2001;7;21;7;0,4
26409;2001;7;22;7;0,5
26409;2001;7;23;7;0,0
26409;2001;7;24;7;4,5
26409;2001;7;25;7;0,0
26409;2001;7;26;7;0,0
26409;2001;7;27;7;0,0
26409;2001;7;28;7;5,0
26409;2001;7;29;7;1,3
26409;2001;7;30;7;0,0
26409;2001;7;31;7;0,4
26409;2001;8;1;7;3,5
26409;2001;8;2;7;0,0
26409;2001;8;3;7;1,1
26409;2001;8;4;7;0,5
26409;2001;8;5;7;0,0
26409;2001;8;6;7;15,8
26409;2001;8;7;7;12,4
26409;2001;8;8;7;9,0
26409;2001;8;9;7;15,4
26409;2001;8;10;7;0,0
26409;2001;8;11;7;5,8
26409;2001;8;12;7;9,1
26409;2001;8;13;7;22,2
26409;2001;8;14;7;0,5
26409;2001;8;15;7;0,0
26409;2001;8;16;7;0,0
26409;2001;8;17;7;0,6
26409;2001;8;18;7;0,0
26409;2001;8;19;7;0,0
26409;2001;8;20;7;3,5
26409;2001;8;21;7;0,0
26409;2001;8;22;7;0,0
26409;2001;8;23;7;0,0
26409;2001;8;24;7;0,0
26409;2001;8;25;7;1,1
26409;2001;8;26;7;0,0
26409;2001;8;27;7;5,5
26409;2001;8;28;7;6,8
26409;2001;8;29;7;0,0
26409;2001;8;30;7;0,0
26409;2001;8;31;7;0,0
26409;2001;9;1;7;0,0
26409;2001;9;2;7;1,2
26409;2001;9;3;7;2,4
26409;2001;9;4;7;5,2
26409;2001;9;5;7;0,4
26409;2001;9;6;7;0,0
26409;2001;9;7;7;6,2
26409;2001;9;8;7;13,0
26409;2001;9;9;7;2,8
26409;2001;9;10;7;4,5
26409;2001;9;11;7;2,5
26409;2001;9;12;7;3,1
26409;2001;9;13;7;6,8
26409;2001;9;14;7;4,0
26409;2001;9;15;7;3,2
26409;2001;9;16;7;3,1
26409;2001;9;17;7;0,5
26409;2001;9;18;7;10,2
26409;2001;9;19;7;7,6
26409;2001;9;20;7;0,0
26409;2001;9;21;7;37,4
26409;2001;9;22;7;2,9
26409;2001;9;23;7;2,0
26409;2001;9;24;7;0,7
26409;2001;9;25;7;2,5
26409;2001;9;26;7;4,3
26409;2001;9;27;7;0,0
26409;2001;9;28;7;8,6
26409;2001;9;29;7;0,6
26409;2001;9;30;7;1,3
26409;2001;10;1;7;6,0
26409;2001;10;2;7;6,7
26409;2001;10;3;7;2,4
26409;2001;10;4;7;2,1
26409;2001;10;5;7;8,8
26409;2001;10;6;7;0,0
26409;2001;10;7;7;1,5
26409;2001;10;8;7;0,5
26409;2001;10;9;7;0,0
26409;2001;10;10;7;15,5
26409;2001;10;11;7;8,5
26409;2001;10;12;7;0,0
26409;2001;10;13;7;0,0
26409;2001;10;14;7;0,0
26409;2001;10;15;7;0,5
26409;2001;10;16;7;0,0
26409;2001;10;17;7;0,0
26409;2001;10;18;7;0,0
26409;2001;10;19;7;0,0
26409;2001;10;20;7;0,0
26409;2001;10;21;7;0,0
26409;2001;10;22;7;0,0
26409;2001;10;23;7;0,0
26409;2001;10;24;7;0,0
26409;2001;10;25;7;3,2
26409;2001;10;26;7;0,0
26409;2001;10;27;7;1,4
26409;2001;10;28;7;0,8
26409;2001;10;29;7;4,0
26409;2001;10;30;7;2,5
26409;2001;10;31;7;0,0
26409;2001;11;1;7;8,7
26409;2001;11;2;7;1,0
26409;2001;11;3;7;0,0
26409;2001;11;4;7;2,0
26409;2001;11;5;7;7,8
26409;2001;11;6;7;26,2
26409;2001;11;7;7;4,2
26409;2001;11;8;7;7,6
26409;2001;11;9;7;0,0
26409;2001;11;10;7;0,0
26409;2001;11;11;7;1,8
26409;2001;11;12;7;4,0
26409;2001;11;13;7;3,5
26409;2001;11;14;7;0,0
26409;2001;11;15;7;0,0
26409;2001;11;16;7;0,0
26409;2001;11;17;7;1,5
26409;2001;11;18;7;0,0
26409;2001;11;19;7;0,0
26409;2001;11;20;7;0,0
26409;2001;11;21;7;2,0
26409;2001;11;22;7;18,0
26409;2001;11;23;7;1,5
26409;2001;11;24;7;0,0
26409;2001;11;25;7;1,0
26409;2001;11;26;7;7,5
26409;2001;11;27;7;0,0
26409;2001;11;28;7;3,8
26409;2001;11;29;7;3,8
26409;2001;11;30;7;3,8
26409;2001;12;1;7;0,5
26409;2001;12;2;7;6,0
26409;2001;12;3;7;0,0
26409;2001;12;4;7;1,5
26409;2001;12;5;7;7,5
26409;2001;12;6;7;0,0
26409;2001;12;7;7;0,0
26409;2001;12;8;7;0,0
26409;2001;12;9;7;0,0
26409;2001;12;10;7;0,0
26409;2001;12;11;7;0,0
26409;2001;12;12;7;0,0
26409;2001;12;13;7;0,0
26409;2001;12;14;7;0,0
26409;2001;12;15;7;0,0
26409;2001;12;16;7;0,0
26409;2001;12;17;7;0,0
26409;2001;12;18;7;0,0
26409;2001;12;19;7;0,0
26409;2001;12;20;7;1,4
26409;2001;12;21;7;9,3
26409;2001;12;22;7;3,8
26409;2001;12;23;7;0,0
26409;2001;12;24;7;4,0
26409;2001;12;25;7;7,6
26409;2001;12;26;7;1,8
26409;2001;12;27;7;4,0
26409;2001;12;28;7;10,0
26409;2001;12;29;7;10,0
26409;2001;12;30;7;0,0
26409;2001;12;31;7;0,4
26409;2002;1;1;7;0,0
26409;2002;1;2;7;4,6
26409;2002;1;3;7;0,0
26409;2002;1;4;7;0,0
26409;2002;1;5;7;0,0
26409;2002;1;6;7;1,7
26409;2002;1;7;7;0,0
26409;2002;1;8;7;0,0
26409;2002;1;9;7;0,0
26409;2002;1;10;7;0,0
26409;2002;1;11;7;0,0
26409;2002;1;12;7;4,4
26409;2002;1;13;7;0,0
26409;2002;1;14;7;0,0
26409;2002;1;15;7;0,0
26409;2002;1;16;7;0,5
26409;2002;1;17;7;0,5
26409;2002;1;18;7;5,0
26409;2002;1;19;7;1,7
26409;2002;1;20;7;1,7
26409;2002;1;21;7;10,4
26409;2002;1;22;7;3,1
26409;2002;1;23;7;4,9
26409;2002;1;24;7;3,2
26409;2002;1;25;7;12,2
26409;2002;1;26;7;16,8
26409;2002;1;27;7;17,0
26409;2002;1;28;7;4,0
26409;2002;1;29;7;6,0
26409;2002;1;30;7;1,5
26409;2002;1;31;7;15,8
26409;2002;2;1;7;2,4
26409;2002;2;2;7;1,8
26409;2002;2;3;7;0,0
26409;2002;2;4;7;2,2
26409;2002;2;5;7;10,2
26409;2002;2;6;7;2,5
26409;2002;2;7;7;2,6
26409;2002;2;8;7;5,8
26409;2002;2;9;7;10,1
26409;2002;2;10;7;7,0
26409;2002;2;11;7;10,0
26409;2002;2;12;7;5,3
26409;2002;2;13;7;1,6
26409;2002;2;14;7;0,0
26409;2002;2;15;7;0,0
26409;2002;2;16;7;0,0
26409;2002;2;17;7;0,0
26409;2002;2;18;7;0,6
26409;2002;2;19;7;9,2
26409;2002;2;20;7;11,5
26409;2002;2;21;7;4,6
26409;2002;2;22;7;17,1
26409;2002;2;23;7;16,0
26409;2002;2;24;7;1,6
26409;2002;2;25;7;1,0
26409;2002;2;26;7;9,0
26409;2002;2;27;7;24,4
26409;2002;2;28;7;0,0
26409;2002;3;1;7;4,4
26409;2002;3;2;7;0,5
26409;2002;3;3;7;2,2
26409;2002;3;4;7;1,0
26409;2002;3;5;7;0,3
26409;2002;3;6;7;2,2
26409;2002;3;7;7;9,4
26409;2002;3;8;7;2,9
26409;2002;3;9;7;2,0
26409;2002;3;10;7;0,0
26409;2002;3;11;7;2,0
26409;2002;3;12;7;7,1
26409;2002;3;13;7;0,0
26409;2002;3;14;7;0,0
26409;2002;3;15;7;0,0
26409;2002;3;16;7;0,0
26409;2002;3;17;7;0,0
26409;2002;3;18;7;2,3
26409;2002;3;19;7;9,5
26409;2002;3;20;7;1,0
26409;2002;3;21;7;0,0
26409;2002;3;22;7;0,5
26409;2002;3;23;7;0,0
26409;2002;3;24;7;0,0
26409;2002;3;25;7;0,0
26409;2002;3;26;7;0,0
26409;2002;3;27;7;0,0
26409;2002;3;28;7;0,0
26409;2002;3;29;7;0,0
26409;2002;3;30;7;0,0
26409;2002;3;31;7;0,0
26409;2002;4;1;7;0,0
26409;2002;4;2;7;0,0
26409;2002;4;3;7;0,0
26409;2002;4;4;7;0,0
26409;2002;4;5;7;0,0
26409;2002;4;6;7;0,0
26409;2002;4;7;7;0,0
26409;2002;4;8;7;5,0
26409;2002;4;9;7;0,0
26409;2002;4;10;7;0,0
26409;2002;4;11;7;0,0
26409;2002;4;12;7;0,0
26409;2002;4;13;7;0,0
26409;2002;4;14;7;1,5
26409;2002;4;15;7;0,4
26409;2002;4;16;7;0,3
26409;2002;4;17;7;0,6
26409;2002;4;18;7;2,0
26409;2002;4;19;7;0,0
26409;2002;4;20;7;0,0
26409;2002;4;21;7;0,0
26409;2002;4;22;7;0,0
26409;2002;4;23;7;0,0
26409;2002;4;24;7;0,0
26409;2002;4;25;7;0,3
26409;2002;4;26;7;0,0
26409;2002;4;27;7;14,0
26409;2002;4;28;7;0,0
26409;2002;4;29;7;10,0
26409;2002;4;30;7;4,4
26409;2002;5;1;7;8,0
26409;2002;5;2;7;3,5
26409;2002;5;3;7;0,0
26409;2002;5;4;7;1,6
26409;2002;5;5;7;0,5
26409;2002;5;6;7;3,5
26409;2002;5;7;7;3,5
26409;2002;5;8;7;0,0
26409;2002;5;9;7;0,0
26409;2002;5;10;7;0,0
26409;2002;5;11;7;0,0
26409;2002;5;12;7;5,0
26409;2002;5;13;7;0,0
26409;2002;5;14;7;0,0
26409;2002;5;15;7;0,0
26409;2002;5;16;7;2,4
26409;2002;5;17;7;0,0
26409;2002;5;18;7;0,0
26409;2002;5;19;7;11,5
26409;2002;5;20;7;0,0
26409;2002;5;21;7;0,0
26409;2002;5;22;7;0,0
26409;2002;5;23;7;17,4
26409;2002;5;24;7;1,5
26409;2002;5;25;7;1,0
26409;2002;5;26;7;0,0
26409;2002;5;27;7;1,7
26409;2002;5;28;7;0,0
26409;2002;5;29;7;0,0
26409;2002;5;30;7;0,0
26409;2002;5;31;7;0,0
26409;2002;6;1;7;5,5
26409;2002;6;2;7;0,0
26409;2002;6;3;7;0,0
26409;2002;6;4;7;0,0
26409;2002;6;5;7;32,0
26409;2002;6;6;7;0,0
26409;2002;6;7;7;0,0
26409;2002;6;8;7;0,0
26409;2002;6;9;7;0,0
26409;2002;6;10;7;1,2
26409;2002;6;11;7;5,9
26409;2002;6;12;7;4,1
26409;2002;6;13;7;2,5
26409;2002;6;14;7;7,9
26409;2002;6;15;7;3,5
26409;2002;6;16;7;0,5
26409;2002;6;17;7;1,8
26409;2002;6;18;7;0,0
26409;2002;6;19;7;6,1
26409;2002;6;20;7;0,0
26409;2002;6;21;7;26,8
26409;2002;6;22;7;1,0
26409;2002;6;23;7;0,0
26409;2002;6;24;7;0,0
26409;2002;6;25;7;0,0
26409;2002;6;26;7;0,0
26409;2002;6;27;7;1,7
26409;2002;6;28;7;4,4
26409;2002;6;29;7;4,5
26409;2002;6;30;7;7,0
26409;2002;7;1;7;34,0
26409;2002;7;2;7;13,8
26409;2002;7;3;7;20,0
26409;2002;7;4;7;11,2
26409;2002;7;5;7;8,2
26409;2002;7;6;7;7,6
26409;2002;7;7;7;0,0
26409;2002;7;8;7;1,2
26409;2002;7;9;7;0,0
26409;2002;7;10;7;1,3
26409;2002;7;11;7;18,9
26409;2002;7;12;7;0,0
26409;2002;7;13;7;0,0
26409;2002;7;14;7;0,4
26409;2002;7;15;7;0,0
26409;2002;7;16;7;0,0
26409;2002;7;17;7;0,0
26409;2002;7;18;7;3,9
26409;2002;7;19;7;37,6
26409;2002;7;20;7;2,6
26409;2002;7;21;7;0,0
26409;2002;7;22;7;6,8
26409;2002;7;23;7;2,3
26409;2002;7;24;7;11,0
26409;2002;7;25;7;1,7
26409;2002;7;26;7;0,3
26409;2002;7;27;7;0,0
26409;2002;7;28;7;0,0
26409;2002;7;29;7;0,0
26409;2002;7;30;7;0,0
26409;2002;7;31;7;0,0
26409;2002;8;1;7;0,0
26409;2002;8;2;7;17,4
26409;2002;8;3;7;0,3
26409;2002;8;4;7;0,0
26409;2002;8;5;7;0,3
26409;2002;8;6;7;2,1
26409;2002;8;7;7;7,7
26409;2002;8;8;7;0,0
26409;2002;8;9;7;0,0
26409;2002;8;10;7;0,0
26409;2002;8;11;7;0,0
26409;2002;8;12;7;1,0
26409;2002;8;13;7;0,0
26409;2002;8;14;7;0,0
26409;2002;8;15;7;0,0
26409;2002;8;16;7;0,0
26409;2002;8;17;7;0,0
26409;2002;8;18;7;0,0
26409;2002;8;19;7;0,0
26409;2002;8;20;7;5,9
26409;2002;8;21;7;0,0
26409;2002;8;22;7;0,0
26409;2002;8;23;7;0,0
26409;2002;8;24;7;1,7
26409;2002;8;25;7;1,2
26409;2002;8;26;7;0,0
26409;2002;8;27;7;1,3
26409;2002;8;28;7;7,2
26409;2002;8;29;7;0,0
26409;2002;8;30;7;0,0
26409;2002;8;31;7;0,0
26409;2002;9;1;7;0,0
26409;2002;9;2;7;0,0
26409;2002;9;3;7;0,0
26409;2002;9;4;7;0,0
26409;2002;9;5;7;0,0
26409;2002;9;6;7;0,0
26409;2002;9;7;7;1,7
26409;2002;9;8;7;0,0
26409;2002;9;9;7;0,0
26409;2002;9;10;7;0,0
26409;2002;9;11;7;0,0
26409;2002;9;12;7;0,0
26409;2002;9;13;7;0,0
26409;2002;9;14;7;0,0
26409;2002;9;15;7;0,0
26409;2002;9;16;7;0,0
26409;2002;9;17;7;0,0
26409;2002;9;18;7;0,0
26409;2002;9;19;7;0,0
26409;2002;9;20;7;0,0
26409;2002;9;21;7;0,0
26409;2002;9;22;7;2,0
26409;2002;9;23;7;4,5
26409;2002;9;24;7;0,0
26409;2002;9;25;7;0,5
26409;2002;9;26;7;0,0
26409;2002;9;27;7;1,5
26409;2002;9;28;7;0,0
26409;2002;9;29;7;0,0
26409;2002;9;30;7;0,0
26409;2002;10;1;7;0,0
26409;2002;10;2;7;0,0
26409;2002;10;3;7;0,0
26409;2002;10;4;7;2,1
26409;2002;10;5;7;0,3
26409;2002;10;6;7;17,2
26409;2002;10;7;7;0,0
26409;2002;10;8;7;0,0
26409;2002;10;9;7;0,0
26409;2002;10;10;7;2,4
26409;2002;10;11;7;4,0
26409;2002;10;12;7;1,1
26409;2002;10;13;7;0,0
26409;2002;10;14;7;4,7
26409;2002;10;15;7;0,3
26409;2002;10;16;7;0,7
26409;2002;10;17;7;19,2
26409;2002;10;18;7;6,0
26409;2002;10;19;7;0,9
26409;2002;10;20;7;1,4
26409;2002;10;21;7;1,3
26409;2002;10;22;7;10,0
26409;2002;10;23;7;9,9
26409;2002;10;24;7;11,1
26409;2002;10;25;7;2,9
26409;2002;10;26;7;16,2
26409;2002;10;27;7;6,0
26409;2002;10;28;7;8,6
26409;2002;10;29;7;1,5
26409;2002;10;30;7;7,5
26409;2002;10;31;7;0,0
26409;2002;11;1;7;0,5
26409;2002;11;2;7;8,3
26409;2002;11;3;7;0,0
26409;2002;11;4;7;2,7
26409;2002;11;5;7;0,0
26409;2002;11;6;7;0,0
26409;2002;11;7;7;1,5
26409;2002;11;8;7;5,7
26409;2002;11;9;7;37,2
26409;2002;11;10;7;1,0
26409;2002;11;11;7;2,0
26409;2002;11;12;7;0,3
26409;2002;11;13;7;1,5
26409;2002;11;14;7;4,5
26409;2002;11;15;7;0,7
26409;2002;11;16;7;0,3
26409;2002;11;17;7;10,8
26409;2002;11;18;7;0,8
26409;2002;11;19;7;0,0
26409;2002;11;20;7;0,0
26409;2002;11;21;7;0,0
26409;2002;11;22;7;0,0
26409;2002;11;23;7;13,2
26409;2002;11;24;7;0,9
26409;2002;11;25;7;0,0
26409;2002;11;26;7;3,7
26409;2002;11;27;7;0,4
26409;2002;11;28;7;0,0
26409;2002;11;29;7;1,1
26409;2002;11;30;7;0,0
26409;2002;12;1;7;0,0
26409;2002;12;2;7;1,1
26409;2002;12;3;7;0,9
26409;2002;12;4;7;0,7
26409;2002;12;5;7;0,4
26409;2002;12;6;7;0,6
26409;2002;12;7;7;0,0
26409;2002;12;8;7;0,0
26409;2002;12;9;7;0,0
26409;2002;12;10;7;0,0
26409;2002;12;11;7;0,0
26409;2002;12;12;7;0,0
26409;2002;12;13;7;0,0
26409;2002;12;14;7;0,0
26409;2002;12;15;7;0,0
26409;2002;12;16;7;0,0
26409;2002;12;17;7;0,0
26409;2002;12;18;7;0,0
26409;2002;12;19;7;0,0
26409;2002;12;20;7;0,0
26409;2002;12;21;7;0,0
26409;2002;12;22;7;0,0
26409;2002;12;23;7;0,0
26409;2002;12;24;7;0,0
26409;2002;12;25;7;4,1
26409;2002;12;26;7;5,0
26409;2002;12;27;7;9,0
26409;2002;12;28;7;20,0
26409;2002;12;29;7;6,0
26409;2002;12;30;7;0,5
26409;2002;12;31;7;0,0
26409;2003;1;1;7;0,0
26409;2003;1;2;7;7,3
26409;2003;1;3;7;1,5
26409;2003;1;4;7;1,0
26409;2003;1;5;7;2,0
26409;2003;1;6;7;2,5
26409;2003;1;7;7;0,1
26409;2003;1;8;7;0,0
26409;2003;1;9;7;0,0
26409;2003;1;10;7;0,0
26409;2003;1;11;7;0,0
26409;2003;1;12;7;0,3
26409;2003;1;13;7;7,1
26409;2003;1;14;7;3,4
26409;2003;1;15;7;0,0
26409;2003;1;16;7;0,5
26409;2003;1;17;7;0,0
26409;2003;1;18;7;0,0
26409;2003;1;19;7;0,0
26409;2003;1;20;7;4,2
26409;2003;1;21;7;10,2
26409;2003;1;22;7;4,2
26409;2003;1;23;7;1,0
26409;2003;1;24;7;0,0
26409;2003;1;25;7;0,0
26409;2003;1;26;7;8,9
26409;2003;1;27;7;3,5
26409;2003;1;28;7;6,5
26409;2003;1;29;7;4,1
26409;2003;1;30;7;5,0
26409;2003;1;31;7;0,8
26409;2003;2;1;7;0,0
26409;2003;2;2;7;0,0
26409;2003;2;3;7;7,6
26409;2003;2;4;7;8,1
26409;2003;2;5;7;0,0
26409;2003;2;6;7;0,0
26409;2003;2;7;7;1,0
26409;2003;2;8;7;1,0
26409;2003;2;9;7;0,0
26409;2003;2;10;7;0,0
26409;2003;2;11;7;0,0
26409;2003;2;12;7;0,0
26409;2003;2;13;7;0,0
26409;2003;2;14;7;0,0
26409;2003;2;15;7;0,0
26409;2003;2;16;7;0,0
26409;2003;2;17;7;0,0
26409;2003;2;18;7;0,0
26409;2003;2;19;7;0,0
26409;2003;2;20;7;0,0
26409;2003;2;21;7;0,0
26409;2003;2;22;7;0,0
26409;2003;2;23;7;0,0
26409;2003;2;24;7;0,0
26409;2003;2;25;7;0,0
26409;2003;2;26;7;0,0
26409;2003;2;27;7;0,0
26409;2003;2;28;7;0,0
26409;2003;3;1;7;0,0
26409;2003;3;2;7;1,5
26409;2003;3;3;7;0,3
26409;2003;3;4;7;0,5
26409;2003;3;5;7;0,9
26409;2003;3;6;7;0,0
26409;2003;3;7;7;3,6
26409;2003;3;8;7;5,5
26409;2003;3;9;7;4,5
26409;2003;3;10;7;0,9
26409;2003;3;11;7;0,0
26409;2003;3;12;7;6,4
26409;2003;3;13;7;0,0
26409;2003;3;14;7;0,0
26409;2003;3;15;7;0,0
26409;2003;3;16;7;0,0
26409;2003;3;17;7;0,0
26409;2003;3;18;7;0,0
26409;2003;3;19;7;0,0
26409;2003;3;20;7;0,0
26409;2003;3;21;7;0,0
26409;2003;3;22;7;0,0
26409;2003;3;23;7;0,0
26409;2003;3;24;7;0,0
26409;2003;3;25;7;0,0
26409;2003;3;26;7;0,0
26409;2003;3;27;7;0,0
26409;2003;3;28;7;0,0
26409;2003;3;29;7;0,0
26409;2003;3;30;7;0,0
26409;2003;3;31;7;0,0
26409;2003;4;1;7;0,0
26409;2003;4;2;7;5,0
26409;2003;4;3;7;0,0
26409;2003;4;4;7;0,0
26409;2003;4;5;7;0,5
26409;2003;4;6;7;0,0
26409;2003;4;7;7;0,0
26409;2003;4;8;7;0,0
26409;2003;4;9;7;0,0
26409;2003;4;10;7;0,9
26409;2003;4;11;7;2,4
26409;2003;4;12;7;0,2
26409;2003;4;13;7;0,0
26409;2003;4;14;7;0,0
26409;2003;4;15;7;0,0
26409;2003;4;16;7;0,0
26409;2003;4;17;7;0,0
26409;2003;4;18;7;0,0
26409;2003;4;19;7;0,0
26409;2003;4;20;7;0,0
26409;2003;4;21;7;0,2
26409;2003;4;22;7;0,0
26409;2003;4;23;7;0,0
26409;2003;4;24;7;0,0
26409;2003;4;25;7;0,0
26409;2003;4;26;7;1,7
26409;2003;4;27;7;23,1
26409;2003;4;28;7;0,5
26409;2003;4;29;7;5,8
26409;2003;4;30;7;0,0
26409;2003;5;1;7;9,1
26409;2003;5;2;7;3,4
26409;2003;5;3;7;7,1
26409;2003;5;4;7;1,3
26409;2003;5;5;7;0,0
26409;2003;5;6;7;3,0
26409;2003;5;7;7;1,3
26409;2003;5;8;7;0,0
26409;2003;5;9;7;0,0
26409;2003;5;10;7;0,0
26409;2003;5;11;7;0,0
26409;2003;5;12;7;3,0
26409;2003;5;13;7;2,1
26409;2003;5;14;7;3,8
26409;2003;5;15;7;5,9
26409;2003;5;16;7;0,0
26409;2003;5;17;7;0,0
26409;2003;5;18;7;0,0
26409;2003;5;19;7;9,9
26409;2003;5;20;7;10,9
26409;2003;5;21;7;3,4
26409;2003;5;22;7;2,5
26409;2003;5;23;7;15,3
26409;2003;5;24;7;3,6
26409;2003;5;25;7;4,9
26409;2003;5;26;7;0,0
26409;2003;5;27;7;0,0
26409;2003;5;28;7;0,0
26409;2003;5;29;7;0,0
26409;2003;5;30;7;0,0
26409;2003;5;31;7;0,0
26409;2003;6;1;7;0,0
26409;2003;6;2;7;0,0
26409;2003;6;3;7;0,0
26409;2003;6;4;7;0,0
26409;2003;6;5;7;3,5
26409;2003;6;6;7;0,0
26409;2003;6;7;7;0,0
26409;2003;6;8;7;0,1
26409;2003;6;9;7;14,0
26409;2003;6;10;7;0,1
26409;2003;6;11;7;2,1
26409;2003;6;12;7;0,0
26409;2003;6;13;7;0,0
26409;2003;6;14;7;0,0
26409;2003;6;15;7;0,0
26409;2003;6;16;7;0,0
26409;2003;6;17;7;0,0
26409;2003;6;18;7;1,6
26409;2003;6;19;7;4,2
26409;2003;6;20;7;1,9
26409;2003;6;21;7;3,0
26409;2003;6;22;7;0,0
26409;2003;6;23;7;1,8
26409;2003;6;24;7;19,1
26409;2003;6;25;7;0,0
26409;2003;6;26;7;0,0
26409;2003;6;27;7;0,0
26409;2003;6;28;7;0,0
26409;2003;6;29;7;3,0
26409;2003;6;30;7;4,2
26409;2003;7;1;7;13,7
26409;2003;7;2;7;1,4
26409;2003;7;3;7;2,0
26409;2003;7;4;7;24,6
26409;2003;7;5;7;1,9
26409;2003;7;6;7;0,0
26409;2003;7;7;7;0,0
26409;2003;7;8;7;0,0
26409;2003;7;9;7;0,0
26409;2003;7;10;7;0,0
26409;2003;7;11;7;0,0
26409;2003;7;12;7;0,6
26409;2003;7;13;7;0,0
26409;2003;7;14;7;0,0
26409;2003;7;15;7;0,0
26409;2003;7;16;7;0,0
26409;2003;7;17;7;0,2
26409;2003;7;18;7;3,5
26409;2003;7;19;7;4,2
26409;2003;7;20;7;0,0
26409;2003;7;21;7;0,5
26409;2003;7;22;7;0,0
26409;2003;7;23;7;0,0
26409;2003;7;24;7;0,5
26409;2003;7;25;7;12,5
26409;2003;7;26;7;0,9
26409;2003;7;27;7;8,9
26409;2003;7;28;7;3,0
26409;2003;7;29;7;0,0
26409;2003;7;30;7;0,0
26409;2003;7;31;7;0,0
26409;2003;8;1;7;0,0
26409;2003;8;2;7;2,5
26409;2003;8;3;7;0,3
26409;2003;8;4;7;0,0
26409;2003;8;5;7;0,0
26409;2003;8;6;7;0,0
26409;2003;8;7;7;0,0
26409;2003;8;8;7;0,0
26409;2003;8;9;7;0,0
26409;2003;8;10;7;0,0
26409;2003;8;11;7;0,0
26409;2003;8;12;7;0,0
26409;2003;8;13;7;0,0
26409;2003;8;14;7;1,7
26409;2003;8;15;7;4,1
26409;2003;8;16;7;0,0
26409;2003;8;17;7;0,0
26409;2003;8;18;7;1,3
26409;2003;8;19;7;1,6
26409;2003;8;20;7;0,1
26409;2003;8;21;7;0,0
26409;2003;8;22;7;0,4
26409;2003;8;23;7;2,4
26409;2003;8;24;7;0,0
26409;2003;8;25;7;0,0
26409;2003;8;26;7;0,0
26409;2003;8;27;7;0,0
26409;2003;8;28;7;0,0
26409;2003;8;29;7;0,8
26409;2003;8;30;7;15,5
26409;2003;8;31;7;4,0
26409;2003;9;1;7;0,9
26409;2003;9;2;7;3,4
26409;2003;9;3;7;1,7
26409;2003;9;4;7;0,3
26409;2003;9;5;7;0,0
26409;2003;9;6;7;0,0
26409;2003;9;7;7;1,6
26409;2003;9;8;7;2,5
26409;2003;9;9;7;0,1
26409;2003;9;10;7;3,9
26409;2003;9;11;7;2,1
26409;2003;9;12;7;0,0
26409;2003;9;13;7;0,1
26409;2003;9;14;7;0,0
26409;2003;9;15;7;0,0
26409;2003;9;16;7;0,0
26409;2003;9;17;7;0,0
26409;2003;9;18;7;0,0
26409;2003;9;19;7;0,0
26409;2003;9;20;7;0,2
26409;2003;9;21;7;2,9
26409;2003;9;22;7;0,0
26409;2003;9;23;7;7,7
26409;2003;9;24;7;3,1
26409;2003;9;25;7;0,1
26409;2003;9;26;7;0,0
26409;2003;9;27;7;2,5
26409;2003;9;28;7;0,0
26409;2003;9;29;7;0,9
26409;2003;9;30;7;4,9
26409;2003;10;1;7;0,0
26409;2003;10;2;7;0,0
26409;2003;10;3;7;0,1
26409;2003;10;4;7;0,3
26409;2003;10;5;7;0,9
26409;2003;10;6;7;2,0
26409;2003;10;7;7;14,2
26409;2003;10;8;7;6,5
26409;2003;10;9;7;12,5
26409;2003;10;10;7;14,0
26409;2003;10;11;7;2,0
26409;2003;10;12;7;1,4
26409;2003;10;13;7;0,0
26409;2003;10;14;7;0,0
26409;2003;10;15;7;0,0
26409;2003;10;16;7;0,0
26409;2003;10;17;7;0,0
26409;2003;10;18;7;0,0
26409;2003;10;19;7;0,0
26409;2003;10;20;7;1,3
26409;2003;10;21;7;0,0
26409;2003;10;22;7;17,8
26409;2003;10;23;7;0,0
26409;2003;10;24;7;0,0
26409;2003;10;25;7;1,1
26409;2003;10;26;7;1,5
26409;2003;10;27;7;0,0
26409;2003;10;28;7;0,0
26409;2003;10;29;7;0,0
26409;2003;10;30;7;0,0
26409;2003;10;31;7;0,0
26409;2003;11;1;7;12,0
26409;2003;11;2;7;2,1
26409;2003;11;3;7;4,2
26409;2003;11;4;7;3,5
26409;2003;11;5;7;0,0
26409;2003;11;6;7;0,0
26409;2003;11;7;7;0,0
26409;2003;11;8;7;0,0
26409;2003;11;9;7;0,0
26409;2003;11;10;7;0,0
26409;2003;11;11;7;0,0
26409;2003;11;12;7;0,0
26409;2003;11;13;7;0,0
26409;2003;11;14;7;0,1
26409;2003;11;15;7;0,9
26409;2003;11;16;7;2,2
26409;2003;11;17;7;0,2
26409;2003;11;18;7;1,5
26409;2003;11;19;7;4,0
26409;2003;11;20;7;0,9
26409;2003;11;21;7;4,2
26409;2003;11;22;7;6,8
26409;2003;11;23;7;8,1
26409;2003;11;24;7;6,5
26409;2003;11;25;7;2,8
26409;2003;11;26;7;0,4
26409;2003;11;27;7;0,1
26409;2003;11;28;7;0,2
26409;2003;11;29;7;0,0
26409;2003;11;30;7;0,4
26409;2003;12;1;7;0,8
26409;2003;12;2;7;0,0
26409;2003;12;3;7;0,1
26409;2003;12;4;7;0,2
26409;2003;12;5;7;0,0
26409;2003;12;6;7;1,5
26409;2003;12;7;7;0,0
26409;2003;12;8;7;0,0
26409;2003;12;9;7;0,0
26409;2003;12;10;7;0,0
26409;2003;12;11;7;null
26409;2003;12;12;7;null
26409;2003;12;13;7;null
26409;2003;12;14;7;null
26409;2003;12;15;7;27,0
26409;2003;12;16;7;0,0
26409;2003;12;17;7;3,1
26409;2003;12;18;7;0,8
26409;2003;12;19;7;0,0
26409;2003;12;20;7;1,9
26409;2003;12;21;7;10,7
26409;2003;12;22;7;5,7
26409;2003;12;23;7;0,0
26409;2003;12;24;7;0,1
26409;2003;12;25;7;3,5
26409;2003;12;26;7;0,0
26409;2003;12;27;7;1,8
26409;2003;12;28;7;2,4
26409;2003;12;29;7;15,5
26409;2003;12;30;7;0,1
26409;2003;12;31;7;null
26409;2004;1;1;7;0,0
26409;2004;1;2;7;1,1
26409;2004;1;3;7;0,0
26409;2004;1;4;7;0,0
26409;2004;1;5;7;1,2
26409;2004;1;6;7;0,0
26409;2004;1;7;7;8,5
26409;2004;1;8;7;0,4
26409;2004;1;9;7;3,8
26409;2004;1;10;7;1,9
26409;2004;1;11;7;0,5
26409;2004;1;12;7;18,4
26409;2004;1;13;7;4,5
26409;2004;1;14;7;14,5
26409;2004;1;15;7;0,0
26409;2004;1;16;7;7,1
26409;2004;1;17;7;6,1
26409;2004;1;18;7;0,0
26409;2004;1;19;7;12,8
26409;2004;1;20;7;0,0
26409;2004;1;21;7;0,0
26409;2004;1;22;7;0,0
26409;2004;1;23;7;3,3
26409;2004;1;24;7;0,0
26409;2004;1;25;7;3,6
26409;2004;1;26;7;0,0
26409;2004;1;27;7;0,0
26409;2004;1;28;7;0,9
26409;2004;1;29;7;12,0
26409;2004;1;30;7;0,8
26409;2004;1;31;7;2,4
26409;2004;2;1;7;24,1
26409;2004;2;2;7;8,9
26409;2004;2;3;7;1,9
26409;2004;2;4;7;18,2
26409;2004;2;5;7;13,3
26409;2004;2;6;7;0,0
26409;2004;2;7;7;5,1
26409;2004;2;8;7;3,1
26409;2004;2;9;7;0,4
26409;2004;2;10;7;0,0
26409;2004;2;11;7;13,6
26409;2004;2;12;7;0,5
26409;2004;2;13;7;0,9
26409;2004;2;14;7;0,2
26409;2004;2;15;7;0,1
26409;2004;2;16;7;0,1
26409;2004;2;17;7;0,2
26409;2004;2;18;7;0,0
26409;2004;2;19;7;0,0
26409;2004;2;20;7;0,0
26409;2004;2;21;7;0,0
26409;2004;2;22;7;0,0
26409;2004;2;23;7;0,0
26409;2004;2;24;7;0,3
26409;2004;2;25;7;5,2
26409;2004;2;26;7;0,4
26409;2004;2;27;7;2,0
26409;2004;2;28;7;0,0
26409;2004;2;29;7;0,0
26409;2004;3;1;7;0,2
26409;2004;3;2;7;0,0
26409;2004;3;3;7;0,0
26409;2004;3;4;7;0,0
26409;2004;3;5;7;0,0
26409;2004;3;6;7;0,0
26409;2004;3;7;7;0,0
26409;2004;3;8;7;0,0
26409;2004;3;9;7;0,0
26409;2004;3;10;7;0,0
26409;2004;3;11;7;0,2
26409;2004;3;12;7;0,0
26409;2004;3;13;7;2,8
26409;2004;3;14;7;5,0
26409;2004;3;15;7;6,2
26409;2004;3;16;7;2,2
26409;2004;3;17;7;1,0
26409;2004;3;18;7;0,0
26409;2004;3;19;7;1,7
26409;2004;3;20;7;6,6
26409;2004;3;21;7;13,0
26409;2004;3;22;7;0,4
26409;2004;3;23;7;0,3
26409;2004;3;24;7;0,0
26409;2004;3;25;7;0,0
26409;2004;3;26;7;0,0
26409;2004;3;27;7;0,0
26409;2004;3;28;7;1,4
26409;2004;3;29;7;2,0
26409;2004;3;30;7;0,2
26409;2004;3;31;7;0,0
26409;2004;4;1;7;0,0
26409;2004;4;2;7;0,0
26409;2004;4;3;7;0,0
26409;2004;4;4;7;2,8
26409;2004;4;5;7;5,0
26409;2004;4;6;7;8,6
26409;2004;4;7;7;0,2
26409;2004;4;8;7;0,2
26409;2004;4;9;7;0,0
26409;2004;4;10;7;0,9
26409;2004;4;11;7;0,0
26409;2004;4;12;7;0,0
26409;2004;4;13;7;0,0
26409;2004;4;14;7;0,0
26409;2004;4;15;7;0,0
26409;2004;4;16;7;0,0
26409;2004;4;17;7;0,0
26409;2004;4;18;7;0,0
26409;2004;4;19;7;2,5
26409;2004;4;20;7;4,0
26409;2004;4;21;7;9,4
26409;2004;4;22;7;0,0
26409;2004;4;23;7;0,0
26409;2004;4;24;7;0,0
26409;2004;4;25;7;0,0
26409;2004;4;26;7;0,4
26409;2004;4;27;7;5,6
26409;2004;4;28;7;0,0
26409;2004;4;29;7;0,0
26409;2004;4;30;7;0,0
26409;2004;5;1;7;0,0
26409;2004;5;2;7;0,0
26409;2004;5;3;7;0,0
26409;2004;5;4;7;2,2
26409;2004;5;5;7;0,1
26409;2004;5;6;7;3,9
26409;2004;5;7;7;4,0
26409;2004;5;8;7;2,4
26409;2004;5;9;7;1,1
26409;2004;5;10;7;0,1
26409;2004;5;11;7;0,3
26409;2004;5;12;7;0,3
26409;2004;5;13;7;0,5
26409;2004;5;14;7;0,0
26409;2004;5;15;7;0,0
26409;2004;5;16;7;0,0
26409;2004;5;17;7;0,0
26409;2004;5;18;7;0,0
26409;2004;5;19;7;0,0
26409;2004;5;20;7;0,0
26409;2004;5;21;7;0,0
26409;2004;5;22;7;0,0
26409;2004;5;23;7;2,0
26409;2004;5;24;7;0,0
26409;2004;5;25;7;1,4
26409;2004;5;26;7;4,4
26409;2004;5;27;7;0,5
26409;2004;5;28;7;0,0
26409;2004;5;29;7;0,0
26409;2004;5;30;7;0,0
26409;2004;5;31;7;0,0
26409;2004;6;1;7;0,0
26409;2004;6;2;7;0,0
26409;2004;6;3;7;0,0
26409;2004;6;4;7;0,3
26409;2004;6;5;7;1,8
26409;2004;6;6;7;0,0
26409;2004;6;7;7;0,0
26409;2004;6;8;7;0,0
26409;2004;6;9;7;16,8
26409;2004;6;10;7;0,8
26409;2004;6;11;7;0,0
26409;2004;6;12;7;0,0
26409;2004;6;13;7;0,0
26409;2004;6;14;7;0,0
26409;2004;6;15;7;0,0
26409;2004;6;16;7;0,5
26409;2004;6;17;7;3,1
26409;2004;6;18;7;6,8
26409;2004;6;19;7;3,2
26409;2004;6;20;7;5,0
26409;2004;6;21;7;5,2
26409;2004;6;22;7;5,1
26409;2004;6;23;7;0,0
26409;2004;6;24;7;17,5
26409;2004;6;25;7;29,2
26409;2004;6;26;7;3,2
26409;2004;6;27;7;0,0
26409;2004;6;28;7;3,8
26409;2004;6;29;7;0,0
26409;2004;6;30;7;0,0
26409;2004;7;1;7;3,6
26409;2004;7;2;7;0,2
26409;2004;7;3;7;5,5
26409;2004;7;4;7;9,2
26409;2004;7;5;7;2,0
26409;2004;7;6;7;0,0
26409;2004;7;7;7;0,0
26409;2004;7;8;7;0,0
26409;2004;7;9;7;23,0
26409;2004;7;10;7;0,6
26409;2004;7;11;7;0,5
26409;2004;7;12;7;0,9
26409;2004;7;13;7;0,3
26409;2004;7;14;7;0,0
26409;2004;7;15;7;5,5
26409;2004;7;16;7;0,0
26409;2004;7;17;7;0,0
26409;2004;7;18;7;1,0
26409;2004;7;19;7;6,0
26409;2004;7;20;7;0,0
26409;2004;7;21;7;3,0
26409;2004;7;22;7;0,0
26409;2004;7;23;7;0,0
26409;2004;7;24;7;17,0
26409;2004;7;25;7;0,0
26409;2004;7;26;7;4,0
26409;2004;7;27;7;1,0
26409;2004;7;28;7;0,0
26409;2004;7;29;7;1,0
26409;2004;7;30;7;0,0
26409;2004;7;31;7;0,4
26409;2004;8;1;7;13,5
26409;2004;8;2;7;0,0
26409;2004;8;3;7;0,5
26409;2004;8;4;7;1,1
26409;2004;8;5;7;0,0
26409;2004;8;6;7;0,0
26409;2004;8;7;7;0,0
26409;2004;8;8;7;0,0
26409;2004;8;9;7;0,0
26409;2004;8;10;7;0,0
26409;2004;8;11;7;0,0
26409;2004;8;12;7;0,3
26409;2004;8;13;7;0,0
26409;2004;8;14;7;14,2
26409;2004;8;15;7;0,0
26409;2004;8;16;7;0,0
26409;2004;8;17;7;26,0
26409;2004;8;18;7;2,5
26409;2004;8;19;7;19,4
26409;2004;8;20;7;2,0
26409;2004;8;21;7;2,5
26409;2004;8;22;7;1,5
26409;2004;8;23;7;0,0
26409;2004;8;24;7;1,9
26409;2004;8;25;7;0,4
26409;2004;8;26;7;31,0
26409;2004;8;27;7;8,2
26409;2004;8;28;7;15,8
26409;2004;8;29;7;0,0
26409;2004;8;30;7;14,8
26409;2004;8;31;7;11,2
26409;2004;9;1;7;13,2
26409;2004;9;2;7;1,6
26409;2004;9;3;7;0,0
26409;2004;9;4;7;0,0
26409;2004;9;5;7;0,0
26409;2004;9;6;7;0,0
26409;2004;9;7;7;0,0
26409;2004;9;8;7;0,0
26409;2004;9;9;7;0,0
26409;2004;9;10;7;0,0
26409;2004;9;11;7;0,0
26409;2004;9;12;7;3,3
26409;2004;9;13;7;15,4
26409;2004;9;14;7;12,9
26409;2004;9;15;7;2,5
26409;2004;9;16;7;2,4
26409;2004;9;17;7;0,3
26409;2004;9;18;7;0,0
26409;2004;9;19;7;1,0
26409;2004;9;20;7;0,0
26409;2004;9;21;7;16,8
26409;2004;9;22;7;21,5
26409;2004;9;23;7;4,4
26409;2004;9;24;7;2,1
26409;2004;9;25;7;0,2
26409;2004;9;26;7;1,2
26409;2004;9;27;7;2,3
26409;2004;9;28;7;0,1
26409;2004;9;29;7;14,0
26409;2004;9;30;7;0,0
26409;2004;10;1;7;0,0
26409;2004;10;2;7;0,3
26409;2004;10;3;7;2,2
26409;2004;10;4;7;1,4
26409;2004;10;5;7;3,4
26409;2004;10;6;7;0,6
26409;2004;10;7;7;4,5
26409;2004;10;8;7;6,6
26409;2004;10;9;7;2,5
26409;2004;10;10;7;0,0
26409;2004;10;11;7;0,0
26409;2004;10;12;7;0,2
26409;2004;10;13;7;0,0
26409;2004;10;14;7;0,0
26409;2004;10;15;7;0,1
26409;2004;10;16;7;0,2
26409;2004;10;17;7;0,1
26409;2004;10;18;7;11,1
26409;2004;10;19;7;3,1
26409;2004;10;20;7;0,3
26409;2004;10;21;7;10,6
26409;2004;10;22;7;1,9
26409;2004;10;23;7;0,8
26409;2004;10;24;7;13,9
26409;2004;10;25;7;2,5
26409;2004;10;26;7;4,4
26409;2004;10;27;7;0,0
26409;2004;10;28;7;0,0
26409;2004;10;29;7;1,6
26409;2004;10;30;7;11,4
26409;2004;10;31;7;2,1
26409;2004;11;1;7;0,1
26409;2004;11;2;7;0,0
26409;2004;11;3;7;0,0
26409;2004;11;4;7;0,0
26409;2004;11;5;7;2,3
26409;2004;11;6;7;2,5
26409;2004;11;7;7;0,0
26409;2004;11;8;7;1,4
26409;2004;11;9;7;0,0
26409;2004;11;10;7;9,3
26409;2004;11;11;7;3,9
26409;2004;11;12;7;0,0
26409;2004;11;13;7;8,6
26409;2004;11;14;7;0,0
26409;2004;11;15;7;0,0
26409;2004;11;16;7;2,4
26409;2004;11;17;7;1,5
26409;2004;11;18;7;3,6
26409;2004;11;19;7;0,8
26409;2004;11;20;7;2,5
26409;2004;11;21;7;1,6
26409;2004;11;22;7;7,0
26409;2004;11;23;7;5,4
26409;2004;11;24;7;0,0
26409;2004;11;25;7;0,1
26409;2004;11;26;7;0,0
26409;2004;11;27;7;4,0
26409;2004;11;28;7;0,1
26409;2004;11;29;7;3,0
26409;2004;11;30;7;0,0
26409;2004;12;1;7;0,0
26409;2004;12;2;7;6,2
26409;2004;12;3;7;1,6
26409;2004;12;4;7;1,6
26409;2004;12;5;7;0,1
26409;2004;12;6;7;0,6
26409;2004;12;7;7;0,0
26409;2004;12;8;7;0,3
26409;2004;12;9;7;0,0
26409;2004;12;10;7;0,0
26409;2004;12;11;7;0,0
26409;2004;12;12;7;0,2
26409;2004;12;13;7;0,6
26409;2004;12;14;7;0,1
26409;2004;12;15;7;0,1
26409;2004;12;16;7;5,0
26409;2004;12;17;7;6,4
26409;2004;12;18;7;12,1
26409;2004;12;19;7;0,1
26409;2004;12;20;7;0,0
26409;2004;12;21;7;0,6
26409;2004;12;22;7;1,0
26409;2004;12;23;7;10,0
26409;2004;12;24;7;12,2
26409;2004;12;25;7;8,0
26409;2004;12;26;7;3,8
26409;2004;12;27;7;0,0
26409;2004;12;28;7;0,0
26409;2004;12;29;7;5,9
26409;2004;12;30;7;1,0
26409;2004;12;31;7;14,5
26409;2005;1;1;7;2,4
26409;2005;1;2;7;5,2
26409;2005;1;3;7;5,5
26409;2005;1;4;7;2,5
26409;2005;1;5;7;0,4
26409;2005;1;6;7;2,6
26409;2005;1;7;7;0,2
26409;2005;1;8;7;4,0
26409;2005;1;9;7;2,1
26409;2005;1;10;7;2,2
26409;2005;1;11;7;0,0
26409;2005;1;12;7;2,0
26409;2005;1;13;7;2,5
26409;2005;1;14;7;1,5
26409;2005;1;15;7;0,0
26409;2005;1;16;7;0,0
26409;2005;1;17;7;0,2
26409;2005;1;18;7;9,0
26409;2005;1;19;7;3,8
26409;2005;1;20;7;9,8
26409;2005;1;21;7;2,5
26409;2005;1;22;7;7,5
26409;2005;1;23;7;0,0
26409;2005;1;24;7;0,3
26409;2005;1;25;7;1,0
26409;2005;1;26;7;0,4
26409;2005;1;27;7;2,3
26409;2005;1;28;7;0,4
26409;2005;1;29;7;0,0
26409;2005;1;30;7;0,8
26409;2005;1;31;7;0,4
26409;2005;2;1;7;0,0
26409;2005;2;2;7;0,2
26409;2005;2;3;7;2,0
26409;2005;2;4;7;0,1
26409;2005;2;5;7;1,1
26409;2005;2;6;7;0,0
26409;2005;2;7;7;0,0
26409;2005;2;8;7;0,0
26409;2005;2;9;7;0,0
26409;2005;2;10;7;5,1
26409;2005;2;11;7;3,8
26409;2005;2;12;7;0,1
26409;2005;2;13;7;21,0
26409;2005;2;14;7;1,3
26409;2005;2;15;7;0,3
26409;2005;2;16;7;0,0
26409;2005;2;17;7;0,5
26409;2005;2;18;7;0,7
26409;2005;2;19;7;5,5
26409;2005;2;20;7;1,0
26409;2005;2;21;7;1,5
26409;2005;2;22;7;0,1
26409;2005;2;23;7;3,8
26409;2005;2;24;7;17,2
26409;2005;2;25;7;0,4
26409;2005;2;26;7;0,0
26409;2005;2;27;7;0,7
26409;2005;2;28;7;0,0
26409;2005;3;1;7;9,8
26409;2005;3;2;7;0,2
26409;2005;3;3;7;2,1
26409;2005;3;4;7;0,0
26409;2005;3;5;7;0,0
26409;2005;3;6;7;0,0
26409;2005;3;7;7;0,0
26409;2005;3;8;7;0,0
26409;2005;3;9;7;3,7
26409;2005;3;10;7;0,0
26409;2005;3;11;7;7,1
26409;2005;3;12;7;3,1
26409;2005;3;13;7;0,0
26409;2005;3;14;7;1,1
26409;2005;3;15;7;1,5
26409;2005;3;16;7;10,2
26409;2005;3;17;7;9,6
26409;2005;3;18;7;1,0
26409;2005;3;19;7;2,4
26409;2005;3;20;7;0,0
26409;2005;3;21;7;0,0
26409;2005;3;22;7;0,0
26409;2005;3;23;7;0,6
26409;2005;3;24;7;0,2
26409;2005;3;25;7;0,0
26409;2005;3;26;7;10,5
26409;2005;3;27;7;17,1
26409;2005;3;28;7;0,0
26409;2005;3;29;7;0,0
26409;2005;3;30;7;0,0
26409;2005;3;31;7;0,0
26409;2005;4;1;7;0,0
26409;2005;4;2;7;0,0
26409;2005;4;3;7;0,0
26409;2005;4;4;7;0,0
26409;2005;4;5;7;2,1
26409;2005;4;6;7;0,0
26409;2005;4;7;7;3,8
26409;2005;4;8;7;5,8
26409;2005;4;9;7;0,0
26409;2005;4;10;7;0,1
26409;2005;4;11;7;1,5
26409;2005;4;12;7;0,0
26409;2005;4;13;7;0,4
26409;2005;4;14;7;9,1
26409;2005;4;15;7;7,9
26409;2005;4;16;7;0,1
26409;2005;4;17;7;0,0
26409;2005;4;18;7;0,0
26409;2005;4;19;7;0,8
26409;2005;4;20;7;0,0
26409;2005;4;21;7;0,0
26409;2005;4;22;7;0,0
26409;2005;4;23;7;0,0
26409;2005;4;24;7;0,0
26409;2005;4;25;7;0,0
26409;2005;4;26;7;0,0
26409;2005;4;27;7;0,5
26409;2005;4;28;7;7,0
26409;2005;4;29;7;0,0
26409;2005;4;30;7;0,0
26409;2005;5;1;7;2,7
26409;2005;5;2;7;1,8
26409;2005;5;3;7;0,0
26409;2005;5;4;7;8,5
26409;2005;5;5;7;0,3
26409;2005;5;6;7;2,5
26409;2005;5;7;7;2,8
26409;2005;5;8;7;6,9
26409;2005;5;9;7;2,2
26409;2005;5;10;7;10,9
26409;2005;5;11;7;1,5
26409;2005;5;12;7;0,0
26409;2005;5;13;7;0,0
26409;2005;5;14;7;0,0
26409;2005;5;15;7;0,0
26409;2005;5;16;7;0,4
26409;2005;5;17;7;1,1
26409;2005;5;18;7;0,0
26409;2005;5;19;7;0,0
26409;2005;5;20;7;0,0
26409;2005;5;21;7;6,1
26409;2005;5;22;7;9,2
26409;2005;5;23;7;5,6
26409;2005;5;24;7;0,0
26409;2005;5;25;7;0,9
26409;2005;5;26;7;0,0
26409;2005;5;27;7;0,0
26409;2005;5;28;7;0,0
26409;2005;5;29;7;0,0
26409;2005;5;30;7;1,1
26409;2005;5;31;7;1,0
26409;2005;6;1;7;2,6
26409;2005;6;2;7;2,1
26409;2005;6;3;7;1,9
26409;2005;6;4;7;36,5
26409;2005;6;5;7;6,3
26409;2005;6;6;7;0,0
26409;2005;6;7;7;0,0
26409;2005;6;8;7;0,0
26409;2005;6;9;7;0,0
26409;2005;6;10;7;0,0
26409;2005;6;11;7;0,0
26409;2005;6;12;7;1,2
26409;2005;6;13;7;9,8
26409;2005;6;14;7;6,0
26409;2005;6;15;7;0,0
26409;2005;6;16;7;0,8
26409;2005;6;17;7;3,0
26409;2005;6;18;7;0,0
26409;2005;6;19;7;0,0
26409;2005;6;20;7;0,0
26409;2005;6;21;7;0,0
26409;2005;6;22;7;0,0
26409;2005;6;23;7;0,0
26409;2005;6;24;7;0,0
26409;2005;6;25;7;0,5
26409;2005;6;26;7;0,0
26409;2005;6;27;7;0,0
26409;2005;6;28;7;0,0
26409;2005;6;29;7;0,0
26409;2005;6;30;7;0,0
26409;2005;7;1;7;0,0
26409;2005;7;2;7;0,0
26409;2005;7;3;7;0,0
26409;2005;7;4;7;1,0
26409;2005;7;5;7;9,0
26409;2005;7;6;7;4,4
26409;2005;7;7;7;1,7
26409;2005;7;8;7;0,0
26409;2005;7;9;7;0,0
26409;2005;7;10;7;0,0
26409;2005;7;11;7;0,0
26409;2005;7;12;7;0,0
26409;2005;7;13;7;0,0
26409;2005;7;14;7;0,0
26409;2005;7;15;7;7,4
26409;2005;7;16;7;0,2
26409;2005;7;17;7;0,5
26409;2005;7;18;7;0,0
26409;2005;7;19;7;2,1
26409;2005;7;20;7;8,9
26409;2005;7;21;7;27,2
26409;2005;7;22;7;13,2
26409;2005;7;23;7;0,1
26409;2005;7;24;7;0,4
26409;2005;7;25;7;6,1
26409;2005;7;26;7;3,7
26409;2005;7;27;7;0,2
26409;2005;7;28;7;5,9
26409;2005;7;29;7;0,0
26409;2005;7;30;7;0,1
26409;2005;7;31;7;8,0
26409;2005;8;1;7;26,0
26409;2005;8;2;7;0,0
26409;2005;8;3;7;0,0
26409;2005;8;4;7;2,0
26409;2005;8;5;7;2,3
26409;2005;8;6;7;21,5
26409;2005;8;7;7;7,0
26409;2005;8;8;7;0,3
26409;2005;8;9;7;10,5
26409;2005;8;10;7;14,0
26409;2005;8;11;7;0,7
26409;2005;8;12;7;1,7
26409;2005;8;13;7;0,0
26409;2005;8;14;7;1,0
26409;2005;8;15;7;0,2
26409;2005;8;16;7;0,0
26409;2005;8;17;7;0,0
26409;2005;8;18;7;0,0
26409;2005;8;19;7;0,0
26409;2005;8;20;7;0,0
26409;2005;8;21;7;0,0
26409;2005;8;22;7;0,0
26409;2005;8;23;7;0,0
26409;2005;8;24;7;0,0
26409;2005;8;25;7;3,7
26409;2005;8;26;7;11,8
26409;2005;8;27;7;4,5
26409;2005;8;28;7;1,7
26409;2005;8;29;7;0,0
26409;2005;8;30;7;0,0
26409;2005;8;31;7;0,0
26409;2005;9;1;7;0,0
26409;2005;9;2;7;1,2
26409;2005;9;3;7;0,0
26409;2005;9;4;7;0,0
26409;2005;9;5;7;0,0
26409;2005;9;6;7;0,0
26409;2005;9;7;7;0,0
26409;2005;9;8;7;0,0
26409;2005;9;9;7;0,0
26409;2005;9;10;7;0,0
26409;2005;9;11;7;0,0
26409;2005;9;12;7;0,0
26409;2005;9;13;7;0,0
26409;2005;9;14;7;0,0
26409;2005;9;15;7;1,2
26409;2005;9;16;7;1,1
26409;2005;9;17;7;0,0
26409;2005;9;18;7;0,0
26409;2005;9;19;7;0,6
26409;2005;9;20;7;0,0
26409;2005;9;21;7;0,0
26409;2005;9;22;7;0,0
26409;2005;9;23;7;0,0
26409;2005;9;24;7;0,0
26409;2005;9;25;7;0,0
26409;2005;9;26;7;0,3
26409;2005;9;27;7;0,0
26409;2005;9;28;7;10,8
26409;2005;9;29;7;4,8
26409;2005;9;30;7;4,5
26409;2005;10;1;7;6,0
26409;2005;10;2;7;2,5
26409;2005;10;3;7;0,0
26409;2005;10;4;7;0,0
26409;2005;10;5;7;0,0
26409;2005;10;6;7;0,0
26409;2005;10;7;7;0,0
26409;2005;10;8;7;0,0
26409;2005;10;9;7;0,0
26409;2005;10;10;7;0,9
26409;2005;10;11;7;0,0
26409;2005;10;12;7;0,0
26409;2005;10;13;7;0,0
26409;2005;10;14;7;0,0
26409;2005;10;15;7;0,0
26409;2005;10;16;7;0,0
26409;2005;10;17;7;0,0
26409;2005;10;18;7;0,0
26409;2005;10;19;7;0,0
26409;2005;10;20;7;0,4
26409;2005;10;21;7;4,0
26409;2005;10;22;7;14,1
26409;2005;10;23;7;2,1
26409;2005;10;24;7;0,5
26409;2005;10;25;7;18,1
26409;2005;10;26;7;28,1
26409;2005;10;27;7;1,8
26409;2005;10;28;7;0,0
26409;2005;10;29;7;0,0
26409;2005;10;30;7;0,0
26409;2005;10;31;7;0,0
26409;2005;11;1;7;0,4
26409;2005;11;2;7;2,2
26409;2005;11;3;7;15,5
26409;2005;11;4;7;0,2
26409;2005;11;5;7;1,5
26409;2005;11;6;7;0,9
26409;2005;11;7;7;0,8
26409;2005;11;8;7;0,4
26409;2005;11;9;7;0,0
26409;2005;11;10;7;0,0
26409;2005;11;11;7;1,0
26409;2005;11;12;7;7,6
26409;2005;11;13;7;0,0
26409;2005;11;14;7;0,0
26409;2005;11;15;7;12,2
26409;2005;11;16;7;0,0
26409;2005;11;17;7;1,2
26409;2005;11;18;7;0,0
26409;2005;11;19;7;0,0
26409;2005;11;20;7;1,0
26409;2005;11;21;7;4,6
26409;2005;11;22;7;0,2
26409;2005;11;23;7;0,2
26409;2005;11;24;7;0,5
26409;2005;11;25;7;8,0
26409;2005;11;26;7;1,5
26409;2005;11;27;7;0,0
26409;2005;11;28;7;0,0
26409;2005;11;29;7;1,8
26409;2005;11;30;7;2,5
26409;2005;12;1;7;0,2
26409;2005;12;2;7;0,0
26409;2005;12;3;7;0,0
26409;2005;12;4;7;0,5
26409;2005;12;5;7;1,0
26409;2005;12;6;7;2,0
26409;2005;12;7;7;0,8
26409;2005;12;8;7;0,3
26409;2005;12;9;7;0,0
26409;2005;12;10;7;0,0
26409;2005;12;11;7;1,9
26409;2005;12;12;7;0,0
26409;2005;12;13;7;0,0
26409;2005;12;14;7;3,2
26409;2005;12;15;7;1,8
26409;2005;12;16;7;14,1
26409;2005;12;17;7;1,5
26409;2005;12;18;7;0,0
26409;2005;12;19;7;2,3
26409;2005;12;20;7;2,9
26409;2005;12;21;7;1,0
26409;2005;12;22;7;3,0
26409;2005;12;23;7;0,5
26409;2005;12;24;7;4,5
26409;2005;12;25;7;1,0
26409;2005;12;26;7;0,0
26409;2005;12;27;7;8,5
26409;2005;12;28;7;1,4
26409;2005;12;29;7;0,8
26409;2005;12;30;7;3,5
26409;2005;12;31;7;2,0
26409;2006;1;1;7;5,0
26409;2006;1;2;7;0,5
26409;2006;1;3;7;0,0
26409;2006;1;4;7;0,0
26409;2006;1;5;7;0,5
26409;2006;1;6;7;0,0
26409;2006;1;7;7;0,0
26409;2006;1;8;7;0,0
26409;2006;1;9;7;0,0
26409;2006;1;10;7;0,0
26409;2006;1;11;7;0,4
26409;2006;1;12;7;4,0
26409;2006;1;13;7;0,2
26409;2006;1;14;7;0,3
26409;2006;1;15;7;0,0
26409;2006;1;16;7;0,1
26409;2006;1;17;7;0,0
26409;2006;1;18;7;6,1
26409;2006;1;19;7;0,5
26409;2006;1;20;7;4,0
26409;2006;1;21;7;6,6
26409;2006;1;22;7;0,0
26409;2006;1;23;7;0,0
26409;2006;1;24;7;0,0
26409;2006;1;25;7;0,8
26409;2006;1;26;7;1,6
26409;2006;1;27;7;0,0
26409;2006;1;28;7;0,0
26409;2006;1;29;7;0,0
26409;2006;1;30;7;0,2
26409;2006;1;31;7;0,0
26409;2006;2;1;7;0,0
26409;2006;2;2;7;0,0
26409;2006;2;3;7;0,0
26409;2006;2;4;7;0,1
26409;2006;2;5;7;1,6
26409;2006;2;6;7;1,0
26409;2006;2;7;7;7,6
26409;2006;2;8;7;4,2
26409;2006;2;9;7;5,8
26409;2006;2;10;7;0,5
26409;2006;2;11;7;0,0
26409;2006;2;12;7;0,0
26409;2006;2;13;7;0,2
26409;2006;2;14;7;0,0
26409;2006;2;15;7;0,0
26409;2006;2;16;7;5,5
26409;2006;2;17;7;7,5
26409;2006;2;18;7;3,2
26409;2006;2;19;7;2,8
26409;2006;2;20;7;0,0
26409;2006;2;21;7;0,0
26409;2006;2;22;7;0,0
26409;2006;2;23;7;0,6
26409;2006;2;24;7;3,0
26409;2006;2;25;7;0,0
26409;2006;2;26;7;0,0
26409;2006;2;27;7;0,0
26409;2006;2;28;7;2,1
26409;2006;3;1;7;0,0
26409;2006;3;2;7;5,3
26409;2006;3;3;7;3,9
26409;2006;3;4;7;4,0
26409;2006;3;5;7;0,1
26409;2006;3;6;7;0,5
26409;2006;3;7;7;0,5
26409;2006;3;8;7;0,0
26409;2006;3;9;7;0,0
26409;2006;3;10;7;0,0
26409;2006;3;11;7;0,0
26409;2006;3;12;7;0,0
26409;2006;3;13;7;0,0
26409;2006;3;14;7;0,0
26409;2006;3;15;7;0,0
26409;2006;3;16;7;0,0
26409;2006;3;17;7;0,0
26409;2006;3;18;7;0,0
26409;2006;3;19;7;0,0
26409;2006;3;20;7;0,0
26409;2006;3;21;7;0,0
26409;2006;3;22;7;0,3
26409;2006;3;23;7;0,4
26409;2006;3;24;7;0,0
26409;2006;3;25;7;0,0
26409;2006;3;26;7;8,8
26409;2006;3;27;7;4,1
26409;2006;3;28;7;4,1
26409;2006;3;29;7;0,3
26409;2006;3;30;7;0,3
26409;2006;3;31;7;8,0
26409;2006;4;1;7;0,0
26409;2006;4;2;7;3,1
26409;2006;4;3;7;8,4
26409;2006;4;4;7;0,8
26409;2006;4;5;7;0,3
26409;2006;4;6;7;1,4
26409;2006;4;7;7;7,2
26409;2006;4;8;7;1,5
26409;2006;4;9;7;6,0
26409;2006;4;10;7;3,1
26409;2006;4;11;7;0,0
26409;2006;4;12;7;4,5
26409;2006;4;13;7;4,3
26409;2006;4;14;7;1,2
26409;2006;4;15;7;0,0
26409;2006;4;16;7;0,0
26409;2006;4;17;7;0,0
26409;2006;4;18;7;0,0
26409;2006;4;19;7;0,0
26409;2006;4;20;7;3,2
26409;2006;4;21;7;2,3
26409;2006;4;22;7;7,1
26409;2006;4;23;7;0,0
26409;2006;4;24;7;0,0
26409;2006;4;25;7;0,0
26409;2006;4;26;7;0,0
26409;2006;4;27;7;0,0
26409;2006;4;28;7;0,0
26409;2006;4;29;7;2,4
26409;2006;4;30;7;3,0
26409;2006;5;1;7;1,0
26409;2006;5;2;7;5,0
26409;2006;5;3;7;0,0
26409;2006;5;4;7;0,0
26409;2006;5;5;7;0,0
26409;2006;5;6;7;0,0
26409;2006;5;7;7;0,0
26409;2006;5;8;7;0,0
26409;2006;5;9;7;0,0
26409;2006;5;10;7;0,0
26409;2006;5;11;7;0,0
26409;2006;5;12;7;0,0
26409;2006;5;13;7;0,0
26409;2006;5;14;7;1,5
26409;2006;5;15;7;0,0
26409;2006;5;16;7;9,0
26409;2006;5;17;7;1,0
26409;2006;5;18;7;2,3
26409;2006;5;19;7;8,5
26409;2006;5;20;7;4,7
26409;2006;5;21;7;11,1
26409;2006;5;22;7;0,6
26409;2006;5;23;7;6,0
26409;2006;5;24;7;0,5
26409;2006;5;25;7;8,6
26409;2006;5;26;7;0,2
26409;2006;5;27;7;1,2
26409;2006;5;28;7;7,5
26409;2006;5;29;7;4,5
26409;2006;5;30;7;2,1
26409;2006;5;31;7;0,0
26409;2006;6;1;7;0,5
26409;2006;6;2;7;0,0
26409;2006;6;3;7;0,0
26409;2006;6;4;7;0,0
26409;2006;6;5;7;0,0
26409;2006;6;6;7;0,0
26409;2006;6;7;7;0,0
26409;2006;6;8;7;0,0
26409;2006;6;9;7;0,0
26409;2006;6;10;7;0,0
26409;2006;6;11;7;0,0
26409;2006;6;12;7;0,0
26409;2006;6;13;7;0,0
26409;2006;6;14;7;0,0
26409;2006;6;15;7;0,1
26409;2006;6;16;7;0,0
26409;2006;6;17;7;0,5
26409;2006;6;18;7;0,0
26409;2006;6;19;7;0,0
26409;2006;6;20;7;0,0
26409;2006;6;21;7;0,0
26409;2006;6;22;7;3,9
26409;2006;6;23;7;1,1
26409;2006;6;24;7;0,0
26409;2006;6;25;7;0,0
26409;2006;6;26;7;4,1
26409;2006;6;27;7;0,4
26409;2006;6;28;7;0,0
26409;2006;6;29;7;0,0
26409;2006;6;30;7;0,0
26409;2006;7;1;7;0,0
26409;2006;7;2;7;0,0
26409;2006;7;3;7;0,0
26409;2006;7;4;7;0,0
26409;2006;7;5;7;0,0
26409;2006;7;6;7;0,0
26409;2006;7;7;7;0,0
26409;2006;7;8;7;0,0
26409;2006;7;9;7;2,0
26409;2006;7;10;7;2,5
26409;2006;7;11;7;0,0
26409;2006;7;12;7;3,1
26409;2006;7;13;7;0,0
26409;2006;7;14;7;0,0
26409;2006;7;15;7;0,0
26409;2006;7;16;7;0,0
26409;2006;7;17;7;0,0
26409;2006;7;18;7;0,0
26409;2006;7;19;7;0,0
26409;2006;7;20;7;0,0
26409;2006;7;21;7;4,6
26409;2006;7;22;7;0,0
26409;2006;7;23;7;1,5
26409;2006;7;24;7;3,7
26409;2006;7;25;7;0,0
26409;2006;7;26;7;0,0
26409;2006;7;27;7;0,0
26409;2006;7;28;7;0,0
26409;2006;7;29;7;3,0
26409;2006;7;30;7;5,2
26409;2006;7;31;7;14,5
26409;2006;8;1;7;0,0
26409;2006;8;2;7;14,2
26409;2006;8;3;7;0,5
26409;2006;8;4;7;0,0
26409;2006;8;5;7;0,0
26409;2006;8;6;7;0,0
26409;2006;8;7;7;0,0
26409;2006;8;8;7;0,0
26409;2006;8;9;7;0,0
26409;2006;8;10;7;1,8
26409;2006;8;11;7;0,5
26409;2006;8;12;7;4,5
26409;2006;8;13;7;4,2
26409;2006;8;14;7;10,0
26409;2006;8;15;7;0,0
26409;2006;8;16;7;4,8
26409;2006;8;17;7;1,1
26409;2006;8;18;7;0,0
26409;2006;8;19;7;22,5
26409;2006;8;20;7;2,3
26409;2006;8;21;7;4,1
26409;2006;8;22;7;1,9
26409;2006;8;23;7;3,2
26409;2006;8;24;7;0,0
26409;2006;8;25;7;0,0
26409;2006;8;26;7;18,0
26409;2006;8;27;7;0,2
26409;2006;8;28;7;9,2
26409;2006;8;29;7;4,2
26409;2006;8;30;7;2,6
26409;2006;8;31;7;0,2
26409;2006;9;1;7;5,8
26409;2006;9;2;7;7,0
26409;2006;9;3;7;3,3
26409;2006;9;4;7;8,7
26409;2006;9;5;7;0,0
26409;2006;9;6;7;0,0
26409;2006;9;7;7;1,1
26409;2006;9;8;7;0,6
26409;2006;9;9;7;0,0
26409;2006;9;10;7;0,0
26409;2006;9;11;7;0,0
26409;2006;9;12;7;0,0
26409;2006;9;13;7;0,0
26409;2006;9;14;7;0,0
26409;2006;9;15;7;0,0
26409;2006;9;16;7;0,0
26409;2006;9;17;7;0,0
26409;2006;9;18;7;0,0
26409;2006;9;19;7;0,0
26409;2006;9;20;7;0,3
26409;2006;9;21;7;0,0
26409;2006;9;22;7;0,0
26409;2006;9;23;7;0,0
26409;2006;9;24;7;0,0
26409;2006;9;25;7;0,0
26409;2006;9;26;7;0,8
26409;2006;9;27;7;10,4
26409;2006;9;28;7;3,8
26409;2006;9;29;7;0,2
26409;2006;9;30;7;0,0
26409;2006;10;1;7;0,0
26409;2006;10;2;7;9,1
26409;2006;10;3;7;12,6
26409;2006;10;4;7;4,3
26409;2006;10;5;7;1,3
26409;2006;10;6;7;7,1
26409;2006;10;7;7;3,6
26409;2006;10;8;7;6,7
26409;2006;10;9;7;0,6
26409;2006;10;10;7;0,0
26409;2006;10;11;7;0,0
26409;2006;10;12;7;0,0
26409;2006;10;13;7;0,0
26409;2006;10;14;7;0,0
26409;2006;10;15;7;0,0
26409;2006;10;16;7;0,0
26409;2006;10;17;7;0,0
26409;2006;10;18;7;0,0
26409;2006;10;19;7;0,2
26409;2006;10;20;7;1,9
26409;2006;10;21;7;5,2
26409;2006;10;22;7;0,2
26409;2006;10;23;7;10,6
26409;2006;10;24;7;11,3
26409;2006;10;25;7;1,6
26409;2006;10;26;7;1,5
26409;2006;10;27;7;3,0
26409;2006;10;28;7;0,4
26409;2006;10;29;7;2,9
26409;2006;10;30;7;6,2
26409;2006;10;31;7;7,7
26409;2006;11;1;7;10,6
26409;2006;11;2;7;0,5
26409;2006;11;3;7;0,0
26409;2006;11;4;7;0,3
26409;2006;11;5;7;2,9
26409;2006;11;6;7;1,0
26409;2006;11;7;7;0,0
26409;2006;11;8;7;0,0
26409;2006;11;9;7;7,0
26409;2006;11;10;7;2,9
26409;2006;11;11;7;7,7
26409;2006;11;12;7;8,0
26409;2006;11;13;7;5,2
26409;2006;11;14;7;5,5
26409;2006;11;15;7;4,8
26409;2006;11;16;7;1,4
26409;2006;11;17;7;1,9
26409;2006;11;18;7;0,4
26409;2006;11;19;7;2,1
26409;2006;11;20;7;0,0
26409;2006;11;21;7;6,5
26409;2006;11;22;7;2,7
26409;2006;11;23;7;2,2
26409;2006;11;24;7;7,0
26409;2006;11;25;7;0,6
26409;2006;11;26;7;5,2
26409;2006;11;27;7;0,0
26409;2006;11;28;7;0,0
26409;2006;11;29;7;0,1
26409;2006;11;30;7;0,0
26409;2006;12;1;7;0,0
26409;2006;12;2;7;4,8
26409;2006;12;3;7;10,5
26409;2006;12;4;7;3,5
26409;2006;12;5;7;7,5
26409;2006;12;6;7;5,0
26409;2006;12;7;7;6,2
26409;2006;12;8;7;8,1
26409;2006;12;9;7;6,7
26409;2006;12;10;7;8,0
26409;2006;12;11;7;1,8
26409;2006;12;12;7;6,2
26409;2006;12;13;7;4,0
26409;2006;12;14;7;4,5
26409;2006;12;15;7;0,5
26409;2006;12;16;7;3,0
26409;2006;12;17;7;5,0
26409;2006;12;18;7;4,1
26409;2006;12;19;7;0,2
26409;2006;12;20;7;0,0
26409;2006;12;21;7;0,0
26409;2006;12;22;7;0,0
26409;2006;12;23;7;0,0
26409;2006;12;24;7;0,5
26409;2006;12;25;7;0,2
26409;2006;12;26;7;0,3
26409;2006;12;27;7;0,0
26409;2006;12;28;7;3,4
26409;2006;12;29;7;1,9
26409;2006;12;30;7;0,0
26409;2006;12;31;7;11,5
